date,1. open,2. high,3. low,4. close,5. volume
2019-01-23 09:31:00,154.04,154.3,154.0302,154.18,630031.0
2019-01-23 09:32:00,154.16,154.29,154.04,154.13,83097.0
2019-01-23 09:33:00,154.06,154.14,153.87,153.91,116717.0
2019-01-23 09:34:00,153.93,154.14,153.93,154.1,77487.0
2019-01-23 09:35:00,154.13,154.38,154.13,154.3744,92767.0
2019-01-23 09:36:00,154.36,154.6,154.36,154.56,107895.0
2019-01-23 09:37:00,154.5603,154.5603,154.39,154.44,119212.0
2019-01-23 09:38:00,154.42,154.4216,154.34,154.4,77052.0
2019-01-23 09:39:00,154.34,154.44,154.25,154.42,89734.0
2019-01-23 09:40:00,154.43,154.5,154.34,154.34,91943.0
2019-01-23 09:41:00,154.44,154.51,154.38,154.38,99225.0
2019-01-23 09:42:00,154.41,154.47,154.32,154.47,61658.0
2019-01-23 09:43:00,154.45,154.45,154.3865,154.44,73728.0
2019-01-23 09:44:00,154.45,154.59,154.45,154.54,110704.0
2019-01-23 09:45:00,154.54,154.66,154.54,154.62,98477.0
2019-01-23 09:46:00,154.64,154.78,154.63,154.7045,129376.0
2019-01-23 09:47:00,154.72,154.77,154.6011,154.64,80427.0
2019-01-23 09:48:00,154.6148,154.75,154.6148,154.74,118807.0
2019-01-23 09:49:00,154.78,155.0,154.74,154.97,116197.0
2019-01-23 09:50:00,154.985,154.9864,154.93,154.965,72001.0
2019-01-23 09:51:00,154.97,155.12,154.96,155.09,130452.0
2019-01-23 09:52:00,155.06,155.11,155.04,155.09,68495.0
2019-01-23 09:53:00,155.1,155.1,154.98,155.05,106654.0
2019-01-23 09:54:00,155.05,155.06,154.92,154.92,83528.0
2019-01-23 09:55:00,154.94,155.03,154.93,154.9863,87195.0
2019-01-23 09:56:00,154.97,155.0,154.9115,154.98,50546.0
2019-01-23 09:57:00,155.01,155.047,154.8617,154.8617,61203.0
2019-01-23 09:58:00,154.83,154.83,154.735,154.755,71808.0
2019-01-23 09:59:00,154.78,154.8,154.65,154.69,55030.0
2019-01-23 10:00:00,154.66,154.6985,154.594,154.62,70230.0
2019-01-23 10:01:00,154.64,154.68,154.53,154.55,76515.0
2019-01-23 10:02:00,154.58,154.7,154.58,154.67,69241.0
2019-01-23 10:03:00,154.7,154.84,154.7,154.84,87281.0
2019-01-23 10:04:00,154.85,154.94,154.84,154.89,46646.0
2019-01-23 10:05:00,154.87,154.99,154.86,154.96,62518.0
2019-01-23 10:06:00,154.9,154.94,154.89,154.89,41276.0
2019-01-23 10:07:00,154.88,154.88,154.77,154.78,60447.0
2019-01-23 10:08:00,154.76,154.76,154.72,154.7411,34891.0
2019-01-23 10:09:00,154.78,154.81,154.71,154.73,42176.0
2019-01-23 10:10:00,154.735,154.735,154.66,154.67,60226.0
2019-01-23 10:11:00,154.705,154.78,154.685,154.77,58164.0
2019-01-23 10:12:00,154.76,154.82,154.6,154.6,57004.0
2019-01-23 10:13:00,154.58,154.61,154.53,154.53,67239.0
2019-01-23 10:14:00,154.5698,154.59,154.55,154.58,24420.0
2019-01-23 10:15:00,154.59,154.67,154.59,154.64,35370.0
2019-01-23 10:16:00,154.63,154.72,154.61,154.69,39166.0
2019-01-23 10:17:00,154.68,154.68,154.56,154.56,42187.0
2019-01-23 10:18:00,154.54,154.54,154.5,154.53,38258.0
2019-01-23 10:19:00,154.54,154.54,154.33,154.33,96799.0
2019-01-23 10:20:00,154.35,154.41,154.25,154.31,69497.0
2019-01-23 10:21:00,154.29,154.37,154.2701,154.29,61586.0
2019-01-23 10:22:00,154.3,154.38,154.3,154.3,46745.0
2019-01-23 10:23:00,154.3,154.31,154.14,154.19,74701.0
2019-01-23 10:24:00,154.165,154.24,154.13,154.2347,28879.0
2019-01-23 10:25:00,154.26,154.28,154.19,154.2,92996.0
2019-01-23 10:26:00,154.22,154.239,154.12,154.16,57210.0
2019-01-23 10:27:00,154.1363,154.15,154.005,154.03,51241.0
2019-01-23 10:28:00,154.0748,154.1,153.99,153.99,107900.0
2019-01-23 10:29:00,153.97,154.01,153.9,153.9015,52115.0
2019-01-23 10:30:00,153.94,153.94,153.77,153.82,81861.0
2019-01-23 10:31:00,153.85,153.865,153.69,153.805,82457.0
2019-01-23 10:32:00,153.88,153.8999,153.85,153.8608,55792.0
2019-01-23 10:33:00,153.88,154.01,153.88,154.01,80292.0
2019-01-23 10:34:00,154.01,154.1196,153.99,154.1196,80816.0
2019-01-23 10:35:00,154.0925,154.0925,153.94,153.95,60162.0
2019-01-23 10:36:00,153.9725,154.11,153.9725,154.04,74480.0
2019-01-23 10:37:00,154.04,154.11,153.919,154.005,64412.0
2019-01-23 10:38:00,153.9798,154.05,153.94,153.99,32530.0
2019-01-23 10:39:00,154.05,154.11,154.03,154.06,40672.0
2019-01-23 10:40:00,154.01,154.01,153.84,153.87,65188.0
2019-01-23 10:41:00,153.8486,153.8968,153.68,153.72,72901.0
2019-01-23 10:42:00,153.72,153.895,153.72,153.86,49132.0
2019-01-23 10:43:00,153.86,153.92,153.83,153.87,39893.0
2019-01-23 10:44:00,153.79,153.87,153.78,153.83,22599.0
2019-01-23 10:45:00,153.86,153.86,153.79,153.8001,51643.0
2019-01-23 10:46:00,153.78,153.78,153.68,153.75,49557.0
2019-01-23 10:47:00,153.74,153.78,153.73,153.73,30424.0
2019-01-23 10:48:00,153.69,153.75,153.62,153.62,40112.0
2019-01-23 10:49:00,153.58,153.655,153.57,153.62,57120.0
2019-01-23 10:50:00,153.62,153.62,153.5,153.5,56324.0
2019-01-23 10:51:00,153.5,153.58,153.43,153.5355,56075.0
2019-01-23 10:52:00,153.57,153.59,153.46,153.56,43391.0
2019-01-23 10:53:00,153.53,153.61,153.5,153.55,48819.0
2019-01-23 10:54:00,153.51,153.59,153.38,153.48,66873.0
2019-01-23 10:55:00,153.49,153.59,153.49,153.58,41860.0
2019-01-23 10:56:00,153.59,153.66,153.59,153.66,61075.0
2019-01-23 10:57:00,153.6531,153.72,153.6531,153.6532,49089.0
2019-01-23 10:58:00,153.63,153.66,153.5,153.53,50519.0
2019-01-23 10:59:00,153.56,153.6501,153.56,153.64,23737.0
2019-01-23 11:00:00,153.63,153.6747,153.58,153.6747,27728.0
2019-01-23 11:01:00,153.69,153.69,153.549,153.549,37331.0
2019-01-23 11:02:00,153.54,153.6,153.53,153.58,36724.0
2019-01-23 11:03:00,153.53,153.57,153.35,153.35,64737.0
2019-01-23 11:04:00,153.321,153.47,153.3,153.46,82189.0
2019-01-23 11:05:00,153.46,153.55,153.459,153.52,41048.0
2019-01-23 11:06:00,153.58,153.58,153.53,153.53,27637.0
2019-01-23 11:07:00,153.53,153.61,153.46,153.61,49316.0
2019-01-23 11:08:00,153.64,153.68,153.555,153.555,50431.0
2019-01-23 11:09:00,153.55,153.59,153.48,153.48,37203.0
2019-01-23 11:10:00,153.46,153.49,153.39,153.49,36539.0
2019-01-23 11:11:00,153.5,153.599,153.47,153.51,54567.0
2019-01-23 11:12:00,153.545,153.6215,153.545,153.58,68869.0
2019-01-23 11:13:00,153.59,153.59,153.5,153.5,25798.0
2019-01-23 11:14:00,153.54,153.55,153.37,153.38,78169.0
2019-01-23 11:15:00,153.4,153.4,153.19,153.21,97285.0
2019-01-23 11:16:00,153.24,153.27,153.2,153.269,47311.0
2019-01-23 11:17:00,153.26,153.32,153.0279,153.0279,84148.0
2019-01-23 11:18:00,153.02,153.05,152.87,152.87,133371.0
2019-01-23 11:19:00,152.83,152.87,152.73,152.8,93520.0
2019-01-23 11:20:00,152.81,152.89,152.8,152.89,52435.0
2019-01-23 11:21:00,152.87,152.96,152.8472,152.89,66696.0
2019-01-23 11:22:00,152.9,152.98,152.9,152.96,37985.0
2019-01-23 11:23:00,152.96,153.0,152.8278,152.8278,34747.0
2019-01-23 11:24:00,152.82,152.91,152.81,152.83,41972.0
2019-01-23 11:25:00,152.75,152.77,152.68,152.7,34358.0
2019-01-23 11:26:00,152.76,152.86,152.76,152.82,38917.0
2019-01-23 11:27:00,152.76,152.8,152.63,152.75,64202.0
2019-01-23 11:28:00,152.74,152.84,152.74,152.84,37801.0
2019-01-23 11:29:00,152.84,152.93,152.79,152.83,68030.0
2019-01-23 11:30:00,152.81,152.9,152.81,152.9,32778.0
2019-01-23 11:31:00,152.9264,152.9264,152.81,152.895,41595.0
2019-01-23 11:32:00,152.87,152.9,152.84,152.86,29899.0
2019-01-23 11:33:00,152.88,152.93,152.81,152.845,27717.0
2019-01-23 11:34:00,152.85,152.98,152.85,152.955,35218.0
2019-01-23 11:35:00,152.96,153.14,152.96,153.11,54968.0
2019-01-23 11:36:00,153.12,153.15,152.98,153.0,70656.0
2019-01-23 11:37:00,152.975,152.975,152.86,152.86,41012.0
2019-01-23 11:38:00,152.8762,152.88,152.77,152.82,41476.0
2019-01-23 11:39:00,152.79,152.82,152.78,152.82,30953.0
2019-01-23 11:40:00,152.86,152.93,152.82,152.93,31645.0
2019-01-23 11:41:00,152.88,152.88,152.76,152.83,24383.0
2019-01-23 11:42:00,152.82,152.93,152.82,152.82,27451.0
2019-01-23 11:43:00,152.83,152.91,152.7,152.776,61968.0
2019-01-23 11:44:00,152.75,152.86,152.75,152.76,42738.0
2019-01-23 11:45:00,152.81,152.82,152.72,152.76,29254.0
2019-01-23 11:46:00,152.7,152.79,152.66,152.66,45877.0
2019-01-23 11:47:00,152.66,152.7,152.54,152.55,109880.0
2019-01-23 11:48:00,152.59,152.6,152.5,152.5953,66755.0
2019-01-23 11:49:00,152.6057,152.65,152.57,152.62,60691.0
2019-01-23 11:50:00,152.6,152.62,152.46,152.48,162967.0
2019-01-23 11:51:00,152.4599,152.56,152.3776,152.39,58603.0
2019-01-23 11:52:00,152.4,152.47,152.36,152.47,31978.0
2019-01-23 11:53:00,152.46,152.475,152.31,152.31,54496.0
2019-01-23 11:54:00,152.3,152.3541,152.23,152.3001,57316.0
2019-01-23 11:55:00,152.29,152.4,152.1653,152.2,83481.0
2019-01-23 11:56:00,152.2,152.31,152.08,152.1347,59771.0
2019-01-23 11:57:00,152.13,152.33,152.11,152.33,67655.0
2019-01-23 11:58:00,152.3,152.36,152.2,152.239,51856.0
2019-01-23 11:59:00,152.1603,152.27,152.13,152.13,33258.0
2019-01-23 12:00:00,152.14,152.2499,152.05,152.2,83555.0
2019-01-23 12:01:00,152.24,152.35,152.22,152.29,40635.0
2019-01-23 12:02:00,152.29,152.31,152.14,152.31,67564.0
2019-01-23 12:03:00,152.31,152.37,152.21,152.2488,57770.0
2019-01-23 12:04:00,152.28,152.31,152.23,152.31,32515.0
2019-01-23 12:05:00,152.28,152.28,152.19,152.26,26658.0
2019-01-23 12:06:00,152.25,152.26,152.19,152.21,30609.0
2019-01-23 12:07:00,152.2121,152.29,152.16,152.29,35488.0
2019-01-23 12:08:00,152.3,152.3,152.05,152.05,40930.0
2019-01-23 12:09:00,152.03,152.03,151.72,151.73,306386.0
2019-01-23 12:10:00,151.73,151.981,151.72,151.96,58339.0
2019-01-23 12:11:00,151.9374,152.06,151.9374,151.95,50734.0
2019-01-23 12:12:00,151.93,152.01,151.92,151.93,30783.0
2019-01-23 12:13:00,151.91,151.93,151.81,151.91,340880.0
2019-01-23 12:14:00,151.91,151.92,151.859,151.91,59879.0
2019-01-23 12:15:00,151.92,152.1,151.92,151.94,56708.0
2019-01-23 12:16:00,151.93,151.93,151.81,151.82,38929.0
2019-01-23 12:17:00,151.82,151.92,151.76,151.78,45664.0
2019-01-23 12:18:00,151.76,151.9528,151.7525,151.9398,38198.0
2019-01-23 12:19:00,151.9999,152.03,151.77,151.785,83880.0
2019-01-23 12:20:00,151.765,151.91,151.72,151.91,63900.0
2019-01-23 12:21:00,151.92,151.9715,151.86,151.93,40256.0
2019-01-23 12:22:00,151.96,152.12,151.96,152.11,34064.0
2019-01-23 12:23:00,152.0601,152.1,152.04,152.07,21329.0
2019-01-23 12:24:00,152.11,152.16,152.0925,152.13,27186.0
2019-01-23 12:25:00,152.14,152.28,152.12,152.28,39003.0
2019-01-23 12:26:00,152.25,152.27,152.12,152.12,148671.0
2019-01-23 12:27:00,152.1233,152.35,152.1233,152.32,59260.0
2019-01-23 12:28:00,152.32,152.32,152.2816,152.29,21993.0
2019-01-23 12:29:00,152.32,152.32,152.21,152.2847,39807.0
2019-01-23 12:30:00,152.3,152.37,152.27,152.27,35738.0
2019-01-23 12:31:00,152.24,152.39,152.19,152.38,27833.0
2019-01-23 12:32:00,152.37,152.4369,152.35,152.4369,18772.0
2019-01-23 12:33:00,152.45,152.48,152.3978,152.3978,29679.0
2019-01-23 12:34:00,152.41,152.415,152.37,152.41,20201.0
2019-01-23 12:35:00,152.37,152.38,152.33,152.38,23271.0
2019-01-23 12:36:00,152.38,152.4,152.31,152.4,30409.0
2019-01-23 12:37:00,152.41,152.435,152.35,152.39,29677.0
2019-01-23 12:38:00,152.349,152.349,152.19,152.32,39997.0
2019-01-23 12:39:00,152.32,152.32,152.16,152.16,28958.0
2019-01-23 12:40:00,152.13,152.3,152.1,152.3,26688.0
2019-01-23 12:41:00,152.22,152.26,152.16,152.17,19231.0
2019-01-23 12:42:00,152.2,152.24,152.18,152.2,14135.0
2019-01-23 12:43:00,152.1927,152.39,152.1927,152.39,24425.0
2019-01-23 12:44:00,152.34,152.34,152.24,152.3,20282.0
2019-01-23 12:45:00,152.32,152.41,152.32,152.4058,21388.0
2019-01-23 12:46:00,152.42,152.5599,152.42,152.51,93596.0
2019-01-23 12:47:00,152.54,152.54,152.49,152.49,22738.0
2019-01-23 12:48:00,152.47,152.6,152.47,152.55,71545.0
2019-01-23 12:49:00,152.58,152.68,152.58,152.68,41708.0
2019-01-23 12:50:00,152.65,152.65,152.58,152.58,20543.0
2019-01-23 12:51:00,152.61,152.61,152.53,152.54,60423.0
2019-01-23 12:52:00,152.52,152.63,152.52,152.62,18864.0
2019-01-23 12:53:00,152.62,152.6765,152.62,152.65,11836.0
2019-01-23 12:54:00,152.66,152.73,152.6484,152.73,17339.0
2019-01-23 12:55:00,152.725,152.76,152.57,152.58,65606.0
2019-01-23 12:56:00,152.5601,152.57,152.46,152.55,57411.0
2019-01-23 12:57:00,152.52,152.59,152.48,152.59,14778.0
2019-01-23 12:58:00,152.6,152.71,152.6,152.6692,70626.0
2019-01-23 12:59:00,152.69,152.72,152.68,152.71,42997.0
2019-01-23 13:00:00,152.72,152.79,152.6388,152.6388,24699.0
2019-01-23 13:01:00,152.6941,152.6941,152.5653,152.63,28009.0
2019-01-23 13:02:00,152.66,152.665,152.57,152.57,9817.0
2019-01-23 13:03:00,152.57,152.57,152.41,152.44,56394.0
2019-01-23 13:04:00,152.49,152.49,152.29,152.29,61376.0
2019-01-23 13:05:00,152.28,152.3428,152.28,152.3428,19486.0
2019-01-23 13:06:00,152.31,152.3136,152.27,152.27,16479.0
2019-01-23 13:07:00,152.3,152.3,152.2231,152.27,32699.0
2019-01-23 13:08:00,152.27,152.27,152.16,152.16,43857.0
2019-01-23 13:09:00,152.1931,152.27,152.19,152.27,33882.0
2019-01-23 13:10:00,152.29,152.59,152.29,152.56,33842.0
2019-01-23 13:11:00,152.5332,152.5608,152.44,152.44,27061.0
2019-01-23 13:12:00,152.48,152.48,152.41,152.48,16675.0
2019-01-23 13:13:00,152.48,152.48,152.39,152.39,25632.0
2019-01-23 13:14:00,152.41,152.46,152.35,152.41,13275.0
2019-01-23 13:15:00,152.42,152.44,152.37,152.37,20954.0
2019-01-23 13:16:00,152.38,152.42,152.37,152.4,15986.0
2019-01-23 13:17:00,152.46,152.5,152.4,152.47,26143.0
2019-01-23 13:18:00,152.47,152.74,152.47,152.71,83556.0
2019-01-23 13:19:00,152.7,152.7843,152.68,152.75,42021.0
2019-01-23 13:20:00,152.77,152.77,152.69,152.72,30662.0
2019-01-23 13:21:00,152.7663,152.8033,152.73,152.731,49111.0
2019-01-23 13:22:00,152.75,152.85,152.75,152.85,34973.0
2019-01-23 13:23:00,152.815,152.845,152.81,152.8265,18246.0
2019-01-23 13:24:00,152.84,152.84,152.81,152.81,10791.0
2019-01-23 13:25:00,152.8001,152.804,152.76,152.804,28399.0
2019-01-23 13:26:00,152.8088,152.9,152.805,152.9,31106.0
2019-01-23 13:27:00,152.88,152.98,152.86,152.97,41185.0
2019-01-23 13:28:00,152.93,152.96,152.9,152.9534,26199.0
2019-01-23 13:29:00,152.96,152.96,152.8,152.8755,56212.0
2019-01-23 13:30:00,152.865,152.865,152.83,152.86,31417.0
2019-01-23 13:31:00,152.8401,152.96,152.8401,152.95,50170.0
2019-01-23 13:32:00,153.0,153.1,152.98,153.1,90555.0
2019-01-23 13:33:00,153.1,153.17,153.06,153.09,44949.0
2019-01-23 13:34:00,153.11,153.13,153.04,153.04,25457.0
2019-01-23 13:35:00,153.04,153.1,153.0,153.0,43370.0
2019-01-23 13:36:00,153.04,153.17,153.04,153.16,16130.0
2019-01-23 13:37:00,153.15,153.15,153.0801,153.11,18698.0
2019-01-23 13:38:00,153.15,153.16,153.12,153.12,20530.0
2019-01-23 13:39:00,153.1,153.1,153.01,153.0681,29949.0
2019-01-23 13:40:00,153.07,153.13,153.07,153.08,19112.0
2019-01-23 13:41:00,153.08,153.1116,152.97,152.97,38352.0
2019-01-23 13:42:00,153.0,153.06,153.0,153.02,16155.0
2019-01-23 13:43:00,152.99,152.99,152.9,152.9,51682.0
2019-01-23 13:44:00,152.94,153.01,152.94,153.0001,15113.0
2019-01-23 13:45:00,153.02,153.13,153.02,153.06,37892.0
2019-01-23 13:46:00,153.09,153.14,153.08,153.11,25313.0
2019-01-23 13:47:00,153.1,153.18,153.07,153.16,34766.0
2019-01-23 13:48:00,153.187,153.187,153.11,153.12,26615.0
2019-01-23 13:49:00,153.1225,153.28,153.12,153.23,41931.0
2019-01-23 13:50:00,153.19,153.2269,153.11,153.12,48556.0
2019-01-23 13:51:00,153.13,153.18,153.12,153.17,56534.0
2019-01-23 13:52:00,153.2,153.2401,153.18,153.18,19708.0
2019-01-23 13:53:00,153.19,153.19,153.04,153.0548,43326.0
2019-01-23 13:54:00,153.1,153.12,153.09,153.12,16687.0
2019-01-23 13:55:00,153.09,153.19,153.09,153.1699,42012.0
2019-01-23 13:56:00,153.11,153.24,153.08,153.24,32841.0
2019-01-23 13:57:00,153.26,153.3,153.13,153.13,42003.0
2019-01-23 13:58:00,153.17,153.2,153.1,153.14,38530.0
2019-01-23 13:59:00,153.14,153.29,153.1,153.18,103280.0
2019-01-23 14:00:00,153.18,153.2573,153.18,153.22,24219.0
2019-01-23 14:01:00,153.3,153.34,153.29,153.32,39680.0
2019-01-23 14:02:00,153.35,153.51,153.33,153.49,67012.0
2019-01-23 14:03:00,153.4638,153.56,153.4638,153.53,53503.0
2019-01-23 14:04:00,153.545,153.61,153.5399,153.58,72336.0
2019-01-23 14:05:00,153.57,153.6,153.53,153.58,52794.0
2019-01-23 14:06:00,153.595,153.595,153.44,153.46,53306.0
2019-01-23 14:07:00,153.48,153.5199,153.4668,153.5199,27228.0
2019-01-23 14:08:00,153.52,153.55,153.4372,153.4372,32020.0
2019-01-23 14:09:00,153.46,153.5,153.45,153.46,15358.0
2019-01-23 14:10:00,153.5,153.52,153.467,153.47,30065.0
2019-01-23 14:11:00,153.45,153.45,153.2,153.2,52152.0
2019-01-23 14:12:00,153.19,153.3199,153.19,153.31,36235.0
2019-01-23 14:13:00,153.35,153.37,153.145,153.145,71042.0
2019-01-23 14:14:00,153.13,153.16,153.13,153.16,37903.0
2019-01-23 14:15:00,153.1613,153.17,153.095,153.095,25642.0
2019-01-23 14:16:00,153.11,153.15,153.06,153.14,27941.0
2019-01-23 14:17:00,153.13,153.13,152.94,152.95,45070.0
2019-01-23 14:18:00,152.97,152.97,152.9,152.95,30633.0
2019-01-23 14:19:00,152.94,152.95,152.775,152.841,71150.0
2019-01-23 14:20:00,152.82,152.83,152.74,152.83,36398.0
2019-01-23 14:21:00,152.82,152.9087,152.82,152.86,22317.0
2019-01-23 14:22:00,152.88,153.0,152.88,152.94,43434.0
2019-01-23 14:23:00,152.94,152.95,152.91,152.95,20160.0
2019-01-23 14:24:00,152.97,153.09,152.97,153.07,62790.0
2019-01-23 14:25:00,153.065,153.12,153.042,153.08,52161.0
2019-01-23 14:26:00,153.1001,153.1001,153.03,153.0457,35650.0
2019-01-23 14:27:00,153.05,153.1,153.03,153.0716,22654.0
2019-01-23 14:28:00,153.13,153.32,153.12,153.3,65764.0
2019-01-23 14:29:00,153.3,153.3,153.23,153.23,30373.0
2019-01-23 14:30:00,153.2401,153.31,153.23,153.31,32094.0
2019-01-23 14:31:00,153.29,153.29,153.08,153.135,40503.0
2019-01-23 14:32:00,153.14,153.175,153.11,153.15,40738.0
2019-01-23 14:33:00,153.12,153.13,153.03,153.13,53503.0
2019-01-23 14:34:00,153.14,153.14,152.93,153.08,98678.0
2019-01-23 14:35:00,153.07,153.25,153.07,153.17,81550.0
2019-01-23 14:36:00,153.2,153.29,153.2,153.2667,23339.0
2019-01-23 14:37:00,153.26,153.28,153.1899,153.25,26582.0
2019-01-23 14:38:00,153.26,153.29,153.08,153.08,55016.0
2019-01-23 14:39:00,153.12,153.21,153.07,153.21,83392.0
2019-01-23 14:40:00,153.23,153.25,153.14,153.15,25492.0
2019-01-23 14:41:00,153.1383,153.1383,153.0512,153.06,37922.0
2019-01-23 14:42:00,153.08,153.08,152.94,152.99,51420.0
2019-01-23 14:43:00,152.97,153.05,152.956,153.0299,43862.0
2019-01-23 14:44:00,153.03,153.03,152.94,152.96,17333.0
2019-01-23 14:45:00,152.9571,153.05,152.88,152.88,36894.0
2019-01-23 14:46:00,152.8411,152.8411,152.67,152.67,59261.0
2019-01-23 14:47:00,152.67,152.82,152.67,152.81,48712.0
2019-01-23 14:48:00,152.77,152.81,152.681,152.73,73768.0
2019-01-23 14:49:00,152.73,152.82,152.69,152.82,38519.0
2019-01-23 14:50:00,152.82,152.92,152.81,152.92,37992.0
2019-01-23 14:51:00,152.9,153.04,152.9,153.04,62062.0
2019-01-23 14:52:00,153.09,153.14,153.09,153.12,51086.0
2019-01-23 14:53:00,153.07,153.11,153.02,153.08,35865.0
2019-01-23 14:54:00,153.0543,153.08,152.99,153.02,18878.0
2019-01-23 14:55:00,153.06,153.15,153.05,153.05,24043.0
2019-01-23 14:56:00,153.05,153.05,152.97,152.99,30581.0
2019-01-23 14:57:00,153.0,153.03,152.96,153.03,53913.0
2019-01-23 14:58:00,153.04,153.15,153.04,153.07,26774.0
2019-01-23 14:59:00,153.1,153.1939,153.1,153.13,27906.0
2019-01-23 15:00:00,153.18,153.2,153.12,153.12,31260.0
2019-01-23 15:01:00,153.1,153.16,153.03,153.1,51797.0
2019-01-23 15:02:00,153.08,153.178,153.08,153.178,27750.0
2019-01-23 15:03:00,153.21,153.28,153.2,153.25,64726.0
2019-01-23 15:04:00,153.26,153.34,153.26,153.3,24405.0
2019-01-23 15:05:00,153.35,153.35,153.2901,153.2901,41301.0
2019-01-23 15:06:00,153.29,153.41,153.29,153.38,35969.0
2019-01-23 15:07:00,153.37,153.37,153.25,153.25,69576.0
2019-01-23 15:08:00,153.26,153.26,153.19,153.19,39457.0
2019-01-23 15:09:00,153.23,153.23,153.11,153.17,46196.0
2019-01-23 15:10:00,153.14,153.22,153.14,153.19,23592.0
2019-01-23 15:11:00,153.18,153.24,153.14,153.24,22523.0
2019-01-23 15:12:00,153.19,153.2,153.1,153.14,57518.0
2019-01-23 15:13:00,153.135,153.2499,153.1146,153.2499,17829.0
2019-01-23 15:14:00,153.26,153.29,153.23,153.235,30755.0
2019-01-23 15:15:00,153.22,153.29,153.2046,153.26,45056.0
2019-01-23 15:16:00,153.26,153.38,153.26,153.37,34618.0
2019-01-23 15:17:00,153.38,153.48,153.38,153.48,51780.0
2019-01-23 15:18:00,153.46,153.49,153.45,153.45,41554.0
2019-01-23 15:19:00,153.44,153.46,153.33,153.3849,47882.0
2019-01-23 15:20:00,153.4,153.54,153.4,153.48,67217.0
2019-01-23 15:21:00,153.4999,153.55,153.46,153.55,29883.0
2019-01-23 15:22:00,153.57,153.61,153.5581,153.5824,49195.0
2019-01-23 15:23:00,153.57,153.68,153.55,153.68,36385.0
2019-01-23 15:24:00,153.69,153.78,153.57,153.58,111759.0
2019-01-23 15:25:00,153.61,153.65,153.59,153.62,56166.0
2019-01-23 15:26:00,153.63,153.66,153.59,153.64,29491.0
2019-01-23 15:27:00,153.65,153.68,153.63,153.646,40350.0
2019-01-23 15:28:00,153.6453,153.66,153.57,153.57,27472.0
2019-01-23 15:29:00,153.55,153.61,153.5015,153.59,38065.0
2019-01-23 15:30:00,153.64,153.82,153.59,153.74,128545.0
2019-01-23 15:31:00,153.79,153.8,153.63,153.66,44868.0
2019-01-23 15:32:00,153.66,153.7,153.65,153.68,35839.0
2019-01-23 15:33:00,153.68,153.73,153.68,153.72,25171.0
2019-01-23 15:34:00,153.73,153.79,153.65,153.66,49930.0
2019-01-23 15:35:00,153.6466,153.75,153.6466,153.6931,36408.0
2019-01-23 15:36:00,153.69,153.69,153.66,153.6611,24200.0
2019-01-23 15:37:00,153.67,153.76,153.67,153.7083,51125.0
2019-01-23 15:38:00,153.71,153.7535,153.68,153.735,35131.0
2019-01-23 15:39:00,153.75,153.82,153.73,153.82,62002.0
2019-01-23 15:40:00,153.82,153.82,153.62,153.7,48318.0
2019-01-23 15:41:00,153.71,153.76,153.68,153.68,38149.0
2019-01-23 15:42:00,153.7,153.71,153.6,153.63,36516.0
2019-01-23 15:43:00,153.63,153.6901,153.6,153.63,59671.0
2019-01-23 15:44:00,153.62,153.65,153.6,153.63,36994.0
2019-01-23 15:45:00,153.63,153.69,153.56,153.59,50786.0
2019-01-23 15:46:00,153.59,153.62,153.47,153.59,85483.0
2019-01-23 15:47:00,153.59,153.6615,153.58,153.66,39003.0
2019-01-23 15:48:00,153.67,153.7,153.65,153.67,21844.0
2019-01-23 15:49:00,153.6718,153.78,153.67,153.67,122872.0
2019-01-23 15:50:00,153.67,153.79,153.65,153.775,52490.0
2019-01-23 15:51:00,153.77,153.77,153.7,153.7,43547.0
2019-01-23 15:52:00,153.705,153.73,153.64,153.6461,54157.0
2019-01-23 15:53:00,153.64,153.64,153.5,153.52,42421.0
2019-01-23 15:54:00,153.5201,153.57,153.51,153.55,38968.0
2019-01-23 15:55:00,153.54,153.6,153.51,153.53,44358.0
2019-01-23 15:56:00,153.57,153.71,153.54,153.6546,163652.0
2019-01-23 15:57:00,153.67,153.7155,153.64,153.69,52596.0
2019-01-23 15:58:00,153.71,153.735,153.63,153.6554,99369.0
2019-01-23 15:59:00,153.66,153.73,153.65,153.6799,75603.0
2019-01-23 16:00:00,153.68,153.97,153.68,153.97,359700.0
2019-01-24 09:31:00,153.91,154.2,153.66,154.2,553783.0
2019-01-24 09:32:00,154.29,154.4,154.2338,154.33,135213.0
2019-01-24 09:33:00,154.4,154.4,154.15,154.19,94614.0
2019-01-24 09:34:00,154.19,154.28,154.1,154.15,91140.0
2019-01-24 09:35:00,154.17,154.29,154.15,154.25,88061.0
2019-01-24 09:36:00,154.2585,154.35,154.2,154.21,71847.0
2019-01-24 09:37:00,154.27,154.47,154.12,154.12,85239.0
2019-01-24 09:38:00,154.2,154.24,154.15,154.21,51434.0
2019-01-24 09:39:00,154.21,154.28,154.03,154.055,105089.0
2019-01-24 09:40:00,154.1484,154.25,154.07,154.12,80091.0
2019-01-24 09:41:00,154.18,154.18,153.8853,153.95,146566.0
2019-01-24 09:42:00,153.95,153.98,153.69,153.735,123140.0
2019-01-24 09:43:00,153.752,153.86,153.6099,153.66,82425.0
2019-01-24 09:44:00,153.69,153.78,153.68,153.71,86028.0
2019-01-24 09:45:00,153.74,153.81,153.72,153.768,63435.0
2019-01-24 09:46:00,153.82,154.0,153.8,153.9,128889.0
2019-01-24 09:47:00,153.87,154.01,153.79,153.98,70447.0
2019-01-24 09:48:00,153.95,153.96,153.9,153.91,59580.0
2019-01-24 09:49:00,153.92,153.92,153.66,153.76,100577.0
2019-01-24 09:50:00,153.715,153.75,153.6781,153.71,88443.0
2019-01-24 09:51:00,153.68,153.765,153.64,153.7,74113.0
2019-01-24 09:52:00,153.72,153.775,153.61,153.74,120297.0
2019-01-24 09:53:00,153.72,153.84,153.66,153.83,85651.0
2019-01-24 09:54:00,153.84,153.9101,153.75,153.75,78329.0
2019-01-24 09:55:00,153.7,153.7,153.465,153.49,123127.0
2019-01-24 09:56:00,153.5,153.53,153.26,153.27,120734.0
2019-01-24 09:57:00,153.29,153.35,153.05,153.05,182448.0
2019-01-24 09:58:00,153.06,153.28,152.97,153.19,153326.0
2019-01-24 09:59:00,153.16,153.26,153.05,153.1,85085.0
2019-01-24 10:00:00,153.07,153.18,153.07,153.09,65676.0
2019-01-24 10:01:00,153.02,153.02,152.8,152.8,185882.0
2019-01-24 10:02:00,152.82,153.03,152.82,152.84,93546.0
2019-01-24 10:03:00,152.87,153.01,152.87,152.87,60487.0
2019-01-24 10:04:00,152.89,153.0,152.85,152.9108,55680.0
2019-01-24 10:05:00,152.86,153.0,152.8212,153.0,86236.0
2019-01-24 10:06:00,152.92,153.2,152.9,153.2,94177.0
2019-01-24 10:07:00,153.19,153.19,153.08,153.19,81057.0
2019-01-24 10:08:00,153.21,153.24,153.165,153.2,81653.0
2019-01-24 10:09:00,153.21,153.24,153.0855,153.0855,65848.0
2019-01-24 10:10:00,153.07,153.14,153.06,153.1,60436.0
2019-01-24 10:11:00,153.07,153.09,152.91,152.9645,65795.0
2019-01-24 10:12:00,153.0,153.1,152.97,153.03,86403.0
2019-01-24 10:13:00,153.1033,153.12,153.05,153.095,50709.0
2019-01-24 10:14:00,153.12,153.175,153.06,153.06,76555.0
2019-01-24 10:15:00,153.06,153.19,153.02,153.19,84440.0
2019-01-24 10:16:00,153.18,153.41,153.18,153.37,174832.0
2019-01-24 10:17:00,153.3775,153.54,153.3775,153.5,111255.0
2019-01-24 10:18:00,153.49,153.5,153.39,153.4508,56371.0
2019-01-24 10:19:00,153.47,153.47,153.31,153.31,73532.0
2019-01-24 10:20:00,153.38,153.41,153.33,153.36,36347.0
2019-01-24 10:21:00,153.4095,153.52,153.4095,153.4785,58147.0
2019-01-24 10:22:00,153.5445,153.64,153.51,153.64,51210.0
2019-01-24 10:23:00,153.64,153.64,153.36,153.36,140985.0
2019-01-24 10:24:00,153.32,153.32,153.21,153.225,74090.0
2019-01-24 10:25:00,153.21,153.2801,153.13,153.24,92206.0
2019-01-24 10:26:00,153.26,153.26,153.12,153.13,36519.0
2019-01-24 10:27:00,153.13,153.31,153.13,153.2587,62026.0
2019-01-24 10:28:00,153.2399,153.35,153.2399,153.32,70867.0
2019-01-24 10:29:00,153.36,153.54,153.29,153.511,98372.0
2019-01-24 10:30:00,153.5,153.55,153.46,153.538,60662.0
2019-01-24 10:31:00,153.61,153.61,153.45,153.45,47418.0
2019-01-24 10:32:00,153.44,153.45,153.37,153.39,48208.0
2019-01-24 10:33:00,153.35,153.37,153.31,153.32,65043.0
2019-01-24 10:34:00,153.29,153.3,153.21,153.24,40409.0
2019-01-24 10:35:00,153.215,153.23,153.13,153.14,58444.0
2019-01-24 10:36:00,153.13,153.1502,152.96,152.96,115607.0
2019-01-24 10:37:00,152.94,153.04,152.94,153.01,67773.0
2019-01-24 10:38:00,153.04,153.04,152.8723,152.94,52350.0
2019-01-24 10:39:00,152.95,152.9691,152.87,152.87,42016.0
2019-01-24 10:40:00,152.8968,153.0344,152.8968,153.02,52348.0
2019-01-24 10:41:00,153.03,153.11,153.03,153.05,30397.0
2019-01-24 10:42:00,153.0632,153.15,152.99,152.9984,36711.0
2019-01-24 10:43:00,153.01,153.05,152.98,152.99,36344.0
2019-01-24 10:44:00,152.94,152.94,152.88,152.94,41119.0
2019-01-24 10:45:00,153.0,153.01,152.88,152.88,51132.0
2019-01-24 10:46:00,152.85,152.96,152.84,152.9,72337.0
2019-01-24 10:47:00,152.93,153.0,152.93,152.99,35027.0
2019-01-24 10:48:00,152.99,152.99,152.93,152.9454,38432.0
2019-01-24 10:49:00,152.95,153.03,152.76,152.76,65037.0
2019-01-24 10:50:00,152.76,152.76,152.62,152.62,102883.0
2019-01-24 10:51:00,152.61,152.68,152.6,152.67,77343.0
2019-01-24 10:52:00,152.61,152.67,152.5,152.5,93538.0
2019-01-24 10:53:00,152.47,152.58,152.45,152.54,85340.0
2019-01-24 10:54:00,152.5221,152.591,152.5221,152.55,60437.0
2019-01-24 10:55:00,152.61,152.61,152.4727,152.56,39918.0
2019-01-24 10:56:00,152.53,152.58,152.4156,152.4156,38446.0
2019-01-24 10:57:00,152.43,152.5,152.4,152.44,62897.0
2019-01-24 10:58:00,152.44,152.54,152.4,152.51,66422.0
2019-01-24 10:59:00,152.52,152.55,152.44,152.49,56479.0
2019-01-24 11:00:00,152.43,152.44,152.29,152.29,83002.0
2019-01-24 11:01:00,152.28,152.49,152.27,152.38,98278.0
2019-01-24 11:02:00,152.435,152.5,152.435,152.48,55900.0
2019-01-24 11:03:00,152.48,152.48,152.3594,152.4305,48864.0
2019-01-24 11:04:00,152.47,152.55,152.45,152.45,62104.0
2019-01-24 11:05:00,152.43,152.51,152.43,152.492,39927.0
2019-01-24 11:06:00,152.46,152.46,152.31,152.31,55282.0
2019-01-24 11:07:00,152.32,152.33,152.2715,152.32,47747.0
2019-01-24 11:08:00,152.32,152.38,152.32,152.345,40642.0
2019-01-24 11:09:00,152.33,152.45,152.33,152.4462,42199.0
2019-01-24 11:10:00,152.43,152.45,152.36,152.44,61064.0
2019-01-24 11:11:00,152.45,152.53,152.45,152.4985,64788.0
2019-01-24 11:12:00,152.495,152.51,152.3501,152.3501,42104.0
2019-01-24 11:13:00,152.38,152.38,151.95,151.95,202925.0
2019-01-24 11:14:00,151.95,151.97,151.88,151.93,76179.0
2019-01-24 11:15:00,151.9,152.14,151.88,152.11,124241.0
2019-01-24 11:16:00,152.06,152.1199,152.0,152.01,76344.0
2019-01-24 11:17:00,152.04,152.16,152.0,152.1,68610.0
2019-01-24 11:18:00,152.11,152.15,152.075,152.15,38025.0
2019-01-24 11:19:00,152.18,152.29,152.18,152.24,54971.0
2019-01-24 11:20:00,152.22,152.22,152.04,152.13,62593.0
2019-01-24 11:21:00,152.09,152.09,151.98,152.0,66619.0
2019-01-24 11:22:00,152.0,152.1,152.0,152.0401,40884.0
2019-01-24 11:23:00,152.015,152.145,152.015,152.14,37229.0
2019-01-24 11:24:00,152.17,152.27,152.17,152.27,40973.0
2019-01-24 11:25:00,152.26,152.31,152.26,152.27,34348.0
2019-01-24 11:26:00,152.2501,152.3,152.23,152.26,43264.0
2019-01-24 11:27:00,152.29,152.3,152.2,152.22,32129.0
2019-01-24 11:28:00,152.24,152.24,152.14,152.19,55329.0
2019-01-24 11:29:00,152.17,152.279,152.17,152.279,56038.0
2019-01-24 11:30:00,152.26,152.3,152.15,152.15,36522.0
2019-01-24 11:31:00,152.15,152.2,152.125,152.18,33386.0
2019-01-24 11:32:00,152.15,152.21,152.07,152.19,38413.0
2019-01-24 11:33:00,152.2,152.3,152.15,152.29,125581.0
2019-01-24 11:34:00,152.29,152.3256,152.24,152.28,43931.0
2019-01-24 11:35:00,152.2985,152.346,152.27,152.34,47862.0
2019-01-24 11:36:00,152.3,152.31,152.27,152.3,34419.0
2019-01-24 11:37:00,152.295,152.36,152.29,152.3299,42554.0
2019-01-24 11:38:00,152.33,152.5251,152.33,152.41,133462.0
2019-01-24 11:39:00,152.44,152.5,152.44,152.5,60411.0
2019-01-24 11:40:00,152.5175,152.58,152.475,152.57,52851.0
2019-01-24 11:41:00,152.58,152.7039,152.57,152.7039,82892.0
2019-01-24 11:42:00,152.71,152.74,152.62,152.65,62535.0
2019-01-24 11:43:00,152.64,152.64,152.6,152.63,33400.0
2019-01-24 11:44:00,152.63,152.67,152.62,152.66,49704.0
2019-01-24 11:45:00,152.69,152.7,152.61,152.62,34053.0
2019-01-24 11:46:00,152.665,152.69,152.57,152.64,57603.0
2019-01-24 11:47:00,152.66,152.67,152.58,152.63,42499.0
2019-01-24 11:48:00,152.65,152.66,152.56,152.57,30741.0
2019-01-24 11:49:00,152.56,152.5925,152.54,152.59,35887.0
2019-01-24 11:50:00,152.6,152.79,152.58,152.73,130493.0
2019-01-24 11:51:00,152.72,152.74,152.64,152.67,33294.0
2019-01-24 11:52:00,152.65,152.67,152.55,152.55,47561.0
2019-01-24 11:53:00,152.55,152.653,152.535,152.65,36241.0
2019-01-24 11:54:00,152.64,152.64,152.57,152.61,15796.0
2019-01-24 11:55:00,152.62,152.76,152.62,152.76,30011.0
2019-01-24 11:56:00,152.78,152.93,152.78,152.91,54818.0
2019-01-24 11:57:00,152.9,152.97,152.86,152.86,48279.0
2019-01-24 11:58:00,152.88,152.94,152.88,152.8972,34155.0
2019-01-24 11:59:00,152.9,153.02,152.9,152.96,50422.0
2019-01-24 12:00:00,152.99,153.0018,152.95,152.95,37521.0
2019-01-24 12:01:00,152.945,152.945,152.88,152.93,41419.0
2019-01-24 12:02:00,152.91,152.92,152.85,152.85,34207.0
2019-01-24 12:03:00,152.85,152.92,152.85,152.915,27629.0
2019-01-24 12:04:00,152.91,152.91,152.861,152.8668,28129.0
2019-01-24 12:05:00,152.88,152.9068,152.75,152.75,38312.0
2019-01-24 12:06:00,152.73,152.73,152.48,152.56,84429.0
2019-01-24 12:07:00,152.56,152.61,152.5475,152.6,32019.0
2019-01-24 12:08:00,152.62,152.63,152.58,152.58,21603.0
2019-01-24 12:09:00,152.59,152.68,152.561,152.64,17085.0
2019-01-24 12:10:00,152.6455,152.68,152.59,152.59,16705.0
2019-01-24 12:11:00,152.59,152.63,152.57,152.615,23928.0
2019-01-24 12:12:00,152.59,152.6,152.55,152.57,41006.0
2019-01-24 12:13:00,152.56,152.59,152.52,152.59,34922.0
2019-01-24 12:14:00,152.58,152.58,152.4795,152.53,50581.0
2019-01-24 12:15:00,152.51,152.56,152.42,152.56,34883.0
2019-01-24 12:16:00,152.555,152.6211,152.555,152.57,28484.0
2019-01-24 12:17:00,152.577,152.65,152.577,152.6166,22375.0
2019-01-24 12:18:00,152.62,152.67,152.6199,152.62,32739.0
2019-01-24 12:19:00,152.62,152.68,152.62,152.68,25456.0
2019-01-24 12:20:00,152.71,152.71,152.65,152.65,25500.0
2019-01-24 12:21:00,152.66,152.688,152.6,152.6,26802.0
2019-01-24 12:22:00,152.58,152.58,152.53,152.56,37923.0
2019-01-24 12:23:00,152.58,152.64,152.55,152.55,28687.0
2019-01-24 12:24:00,152.55,152.61,152.55,152.58,15214.0
2019-01-24 12:25:00,152.57,152.6,152.55,152.6,24465.0
2019-01-24 12:26:00,152.64,152.78,152.64,152.76,33309.0
2019-01-24 12:27:00,152.76,152.82,152.74,152.7526,32289.0
2019-01-24 12:28:00,152.75,152.8067,152.75,152.8,19536.0
2019-01-24 12:29:00,152.77,152.77,152.68,152.685,27703.0
2019-01-24 12:30:00,152.69,152.74,152.65,152.6579,24059.0
2019-01-24 12:31:00,152.65,152.67,152.64,152.65,20942.0
2019-01-24 12:32:00,152.65,152.66,152.61,152.65,21007.0
2019-01-24 12:33:00,152.66,152.71,152.66,152.7,19718.0
2019-01-24 12:34:00,152.69,152.7893,152.6737,152.7893,23467.0
2019-01-24 12:35:00,152.78,152.85,152.68,152.68,35943.0
2019-01-24 12:36:00,152.66,152.67,152.55,152.595,27806.0
2019-01-24 12:37:00,152.57,152.57,152.33,152.33,92348.0
2019-01-24 12:38:00,152.35,152.36,152.32,152.33,35085.0
2019-01-24 12:39:00,152.33,152.34,152.2762,152.3025,44693.0
2019-01-24 12:40:00,152.31,152.34,152.31,152.31,22551.0
2019-01-24 12:41:00,152.3,152.385,152.29,152.37,48164.0
2019-01-24 12:42:00,152.37,152.41,152.34,152.37,40022.0
2019-01-24 12:43:00,152.35,152.44,152.35,152.38,28340.0
2019-01-24 12:44:00,152.36,152.37,152.31,152.3567,31142.0
2019-01-24 12:45:00,152.34,152.36,152.32,152.36,18207.0
2019-01-24 12:46:00,152.37,152.37,152.33,152.34,16083.0
2019-01-24 12:47:00,152.32,152.37,152.32,152.37,17887.0
2019-01-24 12:48:00,152.39,152.49,152.3884,152.48,38369.0
2019-01-24 12:49:00,152.4546,152.48,152.42,152.44,26560.0
2019-01-24 12:50:00,152.45,152.45,152.39,152.4,40405.0
2019-01-24 12:51:00,152.36,152.36,152.27,152.31,34543.0
2019-01-24 12:52:00,152.32,152.3299,152.275,152.32,21308.0
2019-01-24 12:53:00,152.3,152.3,152.15,152.22,60516.0
2019-01-24 12:54:00,152.1948,152.23,152.19,152.21,29068.0
2019-01-24 12:55:00,152.18,152.2002,152.18,152.2002,24376.0
2019-01-24 12:56:00,152.21,152.24,152.17,152.24,25765.0
2019-01-24 12:57:00,152.24,152.29,152.23,152.26,24428.0
2019-01-24 12:58:00,152.27,152.3239,152.26,152.2967,19480.0
2019-01-24 12:59:00,152.32,152.32,152.267,152.3,20191.0
2019-01-24 13:00:00,152.3,152.3,152.23,152.23,18671.0
2019-01-24 13:01:00,152.21,152.29,152.21,152.27,19031.0
2019-01-24 13:02:00,152.29,152.29,152.27,152.27,14965.0
2019-01-24 13:03:00,152.2519,152.2519,152.19,152.23,29500.0
2019-01-24 13:04:00,152.24,152.24,152.14,152.14,58552.0
2019-01-24 13:05:00,152.11,152.13,152.05,152.12,50619.0
2019-01-24 13:06:00,152.09,152.2131,152.09,152.19,27240.0
2019-01-24 13:07:00,152.2055,152.26,152.2,152.26,26736.0
2019-01-24 13:08:00,152.25,152.31,152.24,152.2945,29151.0
2019-01-24 13:09:00,152.27,152.27,152.17,152.18,28859.0
2019-01-24 13:10:00,152.18,152.29,152.18,152.26,23804.0
2019-01-24 13:11:00,152.26,152.26,152.02,152.0341,96577.0
2019-01-24 13:12:00,152.02,152.11,152.0,152.0,76237.0
2019-01-24 13:13:00,152.0,152.09,151.98,152.09,67931.0
2019-01-24 13:14:00,152.12,152.23,152.12,152.23,21030.0
2019-01-24 13:15:00,152.24,152.31,152.21,152.21,40725.0
2019-01-24 13:16:00,152.19,152.22,152.18,152.18,25757.0
2019-01-24 13:17:00,152.15,152.22,152.1,152.22,30159.0
2019-01-24 13:18:00,152.22,152.26,152.18,152.26,19082.0
2019-01-24 13:19:00,152.2558,152.27,152.21,152.24,31801.0
2019-01-24 13:20:00,152.25,152.325,152.195,152.325,26335.0
2019-01-24 13:21:00,152.3031,152.33,152.26,152.33,17776.0
2019-01-24 13:22:00,152.34,152.395,152.3274,152.395,44647.0
2019-01-24 13:23:00,152.39,152.39,152.29,152.3327,22947.0
2019-01-24 13:24:00,152.29,152.36,152.29,152.3,15771.0
2019-01-24 13:25:00,152.28,152.28,152.2139,152.27,18150.0
2019-01-24 13:26:00,152.25,152.25,152.17,152.22,33904.0
2019-01-24 13:27:00,152.2,152.22,152.1739,152.21,16851.0
2019-01-24 13:28:00,152.23,152.38,152.23,152.35,22218.0
2019-01-24 13:29:00,152.36,152.37,152.28,152.29,28472.0
2019-01-24 13:30:00,152.25,152.2799,152.24,152.2799,18264.0
2019-01-24 13:31:00,152.28,152.3897,152.23,152.31,40760.0
2019-01-24 13:32:00,152.28,152.28,152.1015,152.1015,29626.0
2019-01-24 13:33:00,152.11,152.16,152.09,152.16,50357.0
2019-01-24 13:34:00,152.19,152.25,152.19,152.2,37408.0
2019-01-24 13:35:00,152.2,152.23,152.18,152.23,17766.0
2019-01-24 13:36:00,152.2,152.205,152.1,152.11,49378.0
2019-01-24 13:37:00,152.175,152.19,152.175,152.19,34629.0
2019-01-24 13:38:00,152.16,152.16,152.06,152.06,30448.0
2019-01-24 13:39:00,152.06,152.06,152.0,152.04,25582.0
2019-01-24 13:40:00,152.05,152.06,152.0,152.06,35090.0
2019-01-24 13:41:00,152.0647,152.13,152.05,152.07,31515.0
2019-01-24 13:42:00,152.07,152.14,152.05,152.085,52031.0
2019-01-24 13:43:00,152.08,152.1099,152.05,152.1099,17344.0
2019-01-24 13:44:00,152.09,152.09,151.86,151.8805,163178.0
2019-01-24 13:45:00,151.89,151.95,151.83,151.86,36558.0
2019-01-24 13:46:00,151.86,151.88,151.82,151.855,46682.0
2019-01-24 13:47:00,151.86,151.8951,151.8202,151.8739,25696.0
2019-01-24 13:48:00,151.8747,151.9,151.8391,151.9,23682.0
2019-01-24 13:49:00,151.905,151.9799,151.905,151.94,43317.0
2019-01-24 13:50:00,151.931,151.96,151.8702,151.949,41008.0
2019-01-24 13:51:00,151.95,152.04,151.89,151.89,64020.0
2019-01-24 13:52:00,151.885,152.01,151.88,152.01,29354.0
2019-01-24 13:53:00,152.02,152.0469,151.99,152.0268,33750.0
2019-01-24 13:54:00,152.04,152.04,152.0,152.01,35753.0
2019-01-24 13:55:00,152.01,152.0391,151.94,151.94,25705.0
2019-01-24 13:56:00,151.95,151.99,151.88,151.9,37605.0
2019-01-24 13:57:00,151.91,151.96,151.8768,151.89,26357.0
2019-01-24 13:58:00,151.9,152.04,151.9,152.02,30045.0
2019-01-24 13:59:00,152.04,152.04,151.9727,152.0167,34867.0
2019-01-24 14:00:00,152.02,152.1,151.99,152.03,41635.0
2019-01-24 14:01:00,152.03,152.06,151.97,152.0,49265.0
2019-01-24 14:02:00,152.0,152.01,151.9,151.95,66681.0
2019-01-24 14:03:00,151.94,152.0,151.92,151.98,32998.0
2019-01-24 14:04:00,151.98,151.985,151.85,151.9122,96672.0
2019-01-24 14:05:00,151.9214,152.001,151.9167,151.9991,28725.0
2019-01-24 14:06:00,151.9928,152.16,151.98,152.1,59070.0
2019-01-24 14:07:00,152.0939,152.1297,152.06,152.1177,28530.0
2019-01-24 14:08:00,152.1161,152.25,152.1,152.17,88058.0
2019-01-24 14:09:00,152.17,152.22,152.14,152.1533,59335.0
2019-01-24 14:10:00,152.15,152.16,152.07,152.13,63484.0
2019-01-24 14:11:00,152.1358,152.19,152.12,152.125,36622.0
2019-01-24 14:12:00,152.125,152.125,152.06,152.11,39617.0
2019-01-24 14:13:00,152.105,152.16,152.0644,152.0999,25469.0
2019-01-24 14:14:00,152.0847,152.14,152.06,152.08,18303.0
2019-01-24 14:15:00,152.08,152.09,152.02,152.025,17272.0
2019-01-24 14:16:00,152.02,152.1131,151.99,152.07,50614.0
2019-01-24 14:17:00,152.06,152.1,151.98,152.01,42615.0
2019-01-24 14:18:00,151.999,152.0,151.92,151.9421,35805.0
2019-01-24 14:19:00,151.95,151.97,151.9,151.94,36567.0
2019-01-24 14:20:00,151.94,151.95,151.89,151.9464,22191.0
2019-01-24 14:21:00,151.945,152.04,151.945,151.99,32051.0
2019-01-24 14:22:00,151.99,152.06,151.99,152.02,37397.0
2019-01-24 14:23:00,152.02,152.02,151.92,151.99,31817.0
2019-01-24 14:24:00,151.99,151.99,151.9125,151.94,36697.0
2019-01-24 14:25:00,151.9399,151.9459,151.89,151.92,30545.0
2019-01-24 14:26:00,151.92,151.95,151.88,151.89,53111.0
2019-01-24 14:27:00,151.8801,151.901,151.82,151.9,59835.0
2019-01-24 14:28:00,151.89,151.89,151.83,151.84,36844.0
2019-01-24 14:29:00,151.84,151.88,151.79,151.88,48833.0
2019-01-24 14:30:00,151.8744,151.97,151.86,151.8836,84896.0
2019-01-24 14:31:00,151.885,151.885,151.75,151.815,63319.0
2019-01-24 14:32:00,151.81,151.85,151.7699,151.8469,41860.0
2019-01-24 14:33:00,151.85,151.9,151.8,151.86,40950.0
2019-01-24 14:34:00,151.87,151.9,151.86,151.875,24853.0
2019-01-24 14:35:00,151.8856,151.89,151.77,151.7846,42106.0
2019-01-24 14:36:00,151.79,151.79,151.74,151.7599,44364.0
2019-01-24 14:37:00,151.76,151.86,151.76,151.815,32788.0
2019-01-24 14:38:00,151.827,152.09,151.82,152.0701,99804.0
2019-01-24 14:39:00,152.0848,152.0848,152.02,152.04,42916.0
2019-01-24 14:40:00,152.0355,152.07,152.01,152.0301,35981.0
2019-01-24 14:41:00,152.04,152.0461,151.93,151.965,44317.0
2019-01-24 14:42:00,151.96,151.98,151.91,151.95,23674.0
2019-01-24 14:43:00,151.96,152.0,151.92,151.92,41856.0
2019-01-24 14:44:00,151.93,151.97,151.9044,151.955,29523.0
2019-01-24 14:45:00,151.96,151.97,151.945,151.965,31110.0
2019-01-24 14:46:00,151.96,152.01,151.9162,151.99,41770.0
2019-01-24 14:47:00,151.9792,152.03,151.92,151.92,27454.0
2019-01-24 14:48:00,151.92,151.98,151.9,151.95,39983.0
2019-01-24 14:49:00,151.95,151.95,151.87,151.95,32250.0
2019-01-24 14:50:00,151.9499,151.97,151.92,151.9319,42400.0
2019-01-24 14:51:00,151.94,152.04,151.94,152.04,55086.0
2019-01-24 14:52:00,152.0401,152.06,151.97,151.99,45187.0
2019-01-24 14:53:00,151.9863,152.1,151.965,152.1,92071.0
2019-01-24 14:54:00,152.11,152.18,152.06,152.1498,51475.0
2019-01-24 14:55:00,152.15,152.25,152.1485,152.24,29014.0
2019-01-24 14:56:00,152.245,152.32,152.22,152.2399,72350.0
2019-01-24 14:57:00,152.23,152.27,152.19,152.21,37368.0
2019-01-24 14:58:00,152.19,152.23,152.17,152.202,33644.0
2019-01-24 14:59:00,152.21,152.27,152.21,152.22,43710.0
2019-01-24 15:00:00,152.2136,152.24,152.175,152.2254,24908.0
2019-01-24 15:01:00,152.22,152.22,152.1221,152.15,31850.0
2019-01-24 15:02:00,152.17,152.23,152.14,152.19,32390.0
2019-01-24 15:03:00,152.2,152.29,152.195,152.24,40386.0
2019-01-24 15:04:00,152.24,152.2569,152.2,152.22,49588.0
2019-01-24 15:05:00,152.22,152.25,152.21,152.235,32042.0
2019-01-24 15:06:00,152.24,152.37,152.231,152.363,109346.0
2019-01-24 15:07:00,152.37,152.48,152.36,152.46,66291.0
2019-01-24 15:08:00,152.4432,152.48,152.42,152.47,25545.0
2019-01-24 15:09:00,152.47,152.5,152.45,152.48,47821.0
2019-01-24 15:10:00,152.475,152.48,152.414,152.414,33225.0
2019-01-24 15:11:00,152.405,152.42,152.36,152.39,49657.0
2019-01-24 15:12:00,152.39,152.42,152.38,152.405,37107.0
2019-01-24 15:13:00,152.405,152.47,152.405,152.455,42443.0
2019-01-24 15:14:00,152.46,152.4701,152.38,152.45,49475.0
2019-01-24 15:15:00,152.45,152.46,152.36,152.365,41332.0
2019-01-24 15:16:00,152.37,152.47,152.37,152.46,31558.0
2019-01-24 15:17:00,152.46,152.52,152.44,152.476,57221.0
2019-01-24 15:18:00,152.49,152.5098,152.4,152.4,32839.0
2019-01-24 15:19:00,152.4,152.45,152.39,152.3954,35409.0
2019-01-24 15:20:00,152.4,152.51,152.38,152.43,49553.0
2019-01-24 15:21:00,152.42,152.45,152.38,152.39,29170.0
2019-01-24 15:22:00,152.39,152.43,152.39,152.415,21097.0
2019-01-24 15:23:00,152.42,152.46,152.39,152.4,34373.0
2019-01-24 15:24:00,152.39,152.43,152.3838,152.405,38529.0
2019-01-24 15:25:00,152.4,152.4435,152.4,152.4,29581.0
2019-01-24 15:26:00,152.39,152.45,152.35,152.45,33685.0
2019-01-24 15:27:00,152.4561,152.5,152.44,152.47,31909.0
2019-01-24 15:28:00,152.465,152.465,152.3994,152.4,34756.0
2019-01-24 15:29:00,152.398,152.4172,152.31,152.325,38099.0
2019-01-24 15:30:00,152.32,152.39,152.32,152.37,36399.0
2019-01-24 15:31:00,152.37,152.4,152.31,152.34,81529.0
2019-01-24 15:32:00,152.355,152.38,152.33,152.37,35118.0
2019-01-24 15:33:00,152.38,152.39,152.26,152.3,57509.0
2019-01-24 15:34:00,152.29,152.3,152.225,152.25,46164.0
2019-01-24 15:35:00,152.2401,152.25,152.19,152.215,54188.0
2019-01-24 15:36:00,152.2175,152.23,152.16,152.17,58560.0
2019-01-24 15:37:00,152.17,152.2241,152.16,152.215,61931.0
2019-01-24 15:38:00,152.2,152.24,152.19,152.23,43369.0
2019-01-24 15:39:00,152.23,152.235,152.18,152.18,26034.0
2019-01-24 15:40:00,152.18,152.19,152.13,152.13,39476.0
2019-01-24 15:41:00,152.135,152.16,152.085,152.12,46435.0
2019-01-24 15:42:00,152.12,152.17,152.115,152.1615,50339.0
2019-01-24 15:43:00,152.1659,152.2,152.12,152.15,69808.0
2019-01-24 15:44:00,152.15,152.18,152.14,152.17,37294.0
2019-01-24 15:45:00,152.17,152.18,152.11,152.15,65895.0
2019-01-24 15:46:00,152.16,152.22,152.13,152.14,73777.0
2019-01-24 15:47:00,152.1444,152.1986,152.1333,152.195,50431.0
2019-01-24 15:48:00,152.195,152.215,152.15,152.18,73339.0
2019-01-24 15:49:00,152.185,152.2464,152.16,152.24,84196.0
2019-01-24 15:50:00,152.24,152.28,152.21,152.27,80255.0
2019-01-24 15:51:00,152.27,152.37,152.27,152.36,78774.0
2019-01-24 15:52:00,152.3572,152.38,152.31,152.37,76532.0
2019-01-24 15:53:00,152.365,152.45,152.36,152.4147,79533.0
2019-01-24 15:54:00,152.415,152.44,152.3825,152.4299,59539.0
2019-01-24 15:55:00,152.425,152.47,152.4,152.43,108226.0
2019-01-24 15:56:00,152.48,152.67,152.45,152.63,213168.0
2019-01-24 15:57:00,152.63,152.67,152.56,152.64,120675.0
2019-01-24 15:58:00,152.64,152.645,152.58,152.605,101308.0
2019-01-24 15:59:00,152.61,152.67,152.6002,152.63,159594.0
2019-01-24 16:00:00,152.64,152.75,152.61,152.71,401225.0
2019-01-25 09:31:00,155.3488,155.36,154.878,155.0,1249224.0
2019-01-25 09:32:00,154.9642,154.9642,154.62,154.64,291673.0
2019-01-25 09:33:00,154.63,154.7601,154.33,154.535,257057.0
2019-01-25 09:34:00,154.54,154.75,154.51,154.54,144825.0
2019-01-25 09:35:00,154.5401,154.7,154.5,154.69,202972.0
2019-01-25 09:36:00,154.66,154.95,154.66,154.95,248348.0
2019-01-25 09:37:00,154.98,155.0,154.855,154.95,198007.0
2019-01-25 09:38:00,154.96,154.98,154.78,154.82,134572.0
2019-01-25 09:39:00,154.82,155.09,154.81,155.08,259612.0
2019-01-25 09:40:00,155.06,155.23,155.055,155.23,157122.0
2019-01-25 09:41:00,155.22,155.31,155.185,155.29,191912.0
2019-01-25 09:42:00,155.25,155.28,155.07,155.211,157684.0
2019-01-25 09:43:00,155.14,155.25,155.11,155.1693,132940.0
2019-01-25 09:44:00,155.1549,155.3,155.0,155.23,151173.0
2019-01-25 09:45:00,155.24,155.31,155.2233,155.25,117409.0
2019-01-25 09:46:00,155.2,155.37,155.17,155.37,171697.0
2019-01-25 09:47:00,155.34,155.44,155.27,155.42,132650.0
2019-01-25 09:48:00,155.416,155.68,155.39,155.65,291057.0
2019-01-25 09:49:00,155.68,155.73,155.64,155.68,179808.0
2019-01-25 09:50:00,155.65,155.72,155.635,155.69,99374.0
2019-01-25 09:51:00,155.72,155.92,155.69,155.92,259533.0
2019-01-25 09:52:00,155.89,156.02,155.86,155.95,223994.0
2019-01-25 09:53:00,155.95,156.1001,155.91,156.0608,166576.0
2019-01-25 09:54:00,156.065,156.21,156.065,156.147,195076.0
2019-01-25 09:55:00,156.1304,156.14,155.98,156.06,187759.0
2019-01-25 09:56:00,156.04,156.04,155.76,155.8687,190993.0
2019-01-25 09:57:00,155.91,155.939,155.86,155.86,74478.0
2019-01-25 09:58:00,155.85,155.99,155.85,155.98,106633.0
2019-01-25 09:59:00,155.9701,156.1812,155.955,156.1812,125080.0
2019-01-25 10:00:00,156.18,156.36,156.18,156.33,236687.0
2019-01-25 10:01:00,156.3198,156.39,156.29,156.37,195856.0
2019-01-25 10:02:00,156.39,156.52,156.335,156.52,226180.0
2019-01-25 10:03:00,156.54,156.54,156.4,156.43,123597.0
2019-01-25 10:04:00,156.48,156.48,156.39,156.45,85578.0
2019-01-25 10:05:00,156.48,156.5,156.37,156.43,150944.0
2019-01-25 10:06:00,156.4499,156.6131,156.4499,156.5827,99249.0
2019-01-25 10:07:00,156.58,156.86,156.58,156.79,232327.0
2019-01-25 10:08:00,156.76,156.89,156.71,156.85,175062.0
2019-01-25 10:09:00,156.88,156.99,156.87,156.9,216442.0
2019-01-25 10:10:00,156.89,157.01,156.88,156.9758,253730.0
2019-01-25 10:11:00,156.95,156.96,156.83,156.83,233404.0
2019-01-25 10:12:00,156.8698,156.93,156.76,156.91,152879.0
2019-01-25 10:13:00,156.89,157.03,156.88,157.03,157966.0
2019-01-25 10:14:00,157.02,157.05,156.98,157.05,85631.0
2019-01-25 10:15:00,157.07,157.07,156.85,156.95,145037.0
2019-01-25 10:16:00,156.98,156.98,156.77,156.835,97609.0
2019-01-25 10:17:00,156.835,156.85,156.6632,156.68,107117.0
2019-01-25 10:18:00,156.69,156.78,156.59,156.75,183383.0
2019-01-25 10:19:00,156.77,156.77,156.6859,156.73,68687.0
2019-01-25 10:20:00,156.76,156.8,156.69,156.69,76799.0
2019-01-25 10:21:00,156.7,156.8,156.67,156.71,105205.0
2019-01-25 10:22:00,156.71,156.71,156.57,156.59,115330.0
2019-01-25 10:23:00,156.63,156.65,156.58,156.631,78076.0
2019-01-25 10:24:00,156.63,156.67,156.62,156.63,74727.0
2019-01-25 10:25:00,156.68,156.71,156.52,156.57,149162.0
2019-01-25 10:26:00,156.6,156.61,156.4611,156.52,113395.0
2019-01-25 10:27:00,156.5501,156.74,156.5501,156.74,60220.0
2019-01-25 10:28:00,156.74,156.7709,156.7,156.7,68466.0
2019-01-25 10:29:00,156.705,156.73,156.67,156.71,57640.0
2019-01-25 10:30:00,156.7554,156.78,156.74,156.75,52535.0
2019-01-25 10:31:00,156.75,156.835,156.738,156.835,66432.0
2019-01-25 10:32:00,156.82,156.92,156.8,156.83,79990.0
2019-01-25 10:33:00,156.81,156.81,156.6568,156.7102,100036.0
2019-01-25 10:34:00,156.715,156.715,156.53,156.6692,139641.0
2019-01-25 10:35:00,156.64,156.78,156.64,156.78,54379.0
2019-01-25 10:36:00,156.8,156.8,156.71,156.71,44871.0
2019-01-25 10:37:00,156.6962,156.75,156.69,156.75,40748.0
2019-01-25 10:38:00,156.79,156.8082,156.77,156.8082,45110.0
2019-01-25 10:39:00,156.82,157.01,156.82,156.99,138877.0
2019-01-25 10:40:00,157.02,157.02,156.92,156.94,44057.0
2019-01-25 10:41:00,156.95,157.0,156.94,157.0,86429.0
2019-01-25 10:42:00,157.0,157.15,157.0,157.08,131427.0
2019-01-25 10:43:00,157.1,157.2,157.1,157.2,85151.0
2019-01-25 10:44:00,157.21,157.23,157.15,157.16,67278.0
2019-01-25 10:45:00,157.2,157.25,157.12,157.22,127737.0
2019-01-25 10:46:00,157.24,157.24,157.12,157.13,121760.0
2019-01-25 10:47:00,157.12,157.12,157.02,157.035,73784.0
2019-01-25 10:48:00,157.01,157.09,156.97,157.02,65071.0
2019-01-25 10:49:00,157.05,157.13,157.0289,157.1,70595.0
2019-01-25 10:50:00,157.0926,157.0926,156.98,157.0,63521.0
2019-01-25 10:51:00,156.99,157.02,156.97,156.97,41654.0
2019-01-25 10:52:00,157.0,157.045,156.99,157.015,42877.0
2019-01-25 10:53:00,157.02,157.1099,157.02,157.1,57604.0
2019-01-25 10:54:00,157.0865,157.11,156.85,156.9439,97566.0
2019-01-25 10:55:00,156.97,157.05,156.97,157.02,36063.0
2019-01-25 10:56:00,157.0109,157.08,156.9625,157.07,36791.0
2019-01-25 10:57:00,157.06,157.08,157.03,157.08,38041.0
2019-01-25 10:58:00,157.09,157.15,157.09,157.1225,89153.0
2019-01-25 10:59:00,157.1,157.1881,157.1,157.1881,82534.0
2019-01-25 11:00:00,157.195,157.22,157.1625,157.18,70352.0
2019-01-25 11:01:00,157.16,157.24,157.16,157.225,89649.0
2019-01-25 11:02:00,157.22,157.2398,157.0854,157.0854,64798.0
2019-01-25 11:03:00,157.09,157.09,156.96,156.96,122116.0
2019-01-25 11:04:00,156.92,156.96,156.9,156.94,70805.0
2019-01-25 11:05:00,156.97,157.02,156.9,156.97,44214.0
2019-01-25 11:06:00,156.97,157.005,156.93,156.93,65916.0
2019-01-25 11:07:00,156.945,156.96,156.9,156.9,29461.0
2019-01-25 11:08:00,156.913,156.95,156.82,156.89,66423.0
2019-01-25 11:09:00,156.9,156.95,156.81,156.93,54701.0
2019-01-25 11:10:00,156.91,156.91,156.86,156.875,43896.0
2019-01-25 11:11:00,156.87,156.93,156.835,156.93,60552.0
2019-01-25 11:12:00,156.9266,156.93,156.8,156.84,69158.0
2019-01-25 11:13:00,156.83,156.8862,156.81,156.85,46003.0
2019-01-25 11:14:00,156.86,156.86,156.7099,156.72,68148.0
2019-01-25 11:15:00,156.71,156.74,156.66,156.66,49216.0
2019-01-25 11:16:00,156.62,156.62,156.48,156.56,77918.0
2019-01-25 11:17:00,156.566,156.585,156.51,156.57,73831.0
2019-01-25 11:18:00,156.58,156.6485,156.5767,156.6485,66005.0
2019-01-25 11:19:00,156.62,156.6399,156.6,156.6,40865.0
2019-01-25 11:20:00,156.6,156.6,156.56,156.6,29841.0
2019-01-25 11:21:00,156.6151,156.64,156.6,156.64,43984.0
2019-01-25 11:22:00,156.63,156.63,156.54,156.56,58971.0
2019-01-25 11:23:00,156.54,156.56,156.5,156.52,47539.0
2019-01-25 11:24:00,156.52,156.52,156.3716,156.3716,72850.0
2019-01-25 11:25:00,156.37,156.42,156.3,156.376,76689.0
2019-01-25 11:26:00,156.39,156.51,156.36,156.4864,137424.0
2019-01-25 11:27:00,156.47,156.47,156.41,156.43,28894.0
2019-01-25 11:28:00,156.43,156.43,156.24,156.24,81131.0
2019-01-25 11:29:00,156.262,156.4,156.262,156.4,65260.0
2019-01-25 11:30:00,156.41,156.43,156.38,156.38,43694.0
2019-01-25 11:31:00,156.3698,156.53,156.3698,156.51,60278.0
2019-01-25 11:32:00,156.509,156.54,156.46,156.53,81750.0
2019-01-25 11:33:00,156.53,156.6,156.505,156.5502,51970.0
2019-01-25 11:34:00,156.53,156.53,156.47,156.525,62997.0
2019-01-25 11:35:00,156.53,156.61,156.5001,156.61,69345.0
2019-01-25 11:36:00,156.6,156.72,156.56,156.72,83437.0
2019-01-25 11:37:00,156.72,156.73,156.6531,156.72,53359.0
2019-01-25 11:38:00,156.72,156.83,156.72,156.83,80180.0
2019-01-25 11:39:00,156.81,156.81,156.7078,156.76,65532.0
2019-01-25 11:40:00,156.76,156.795,156.73,156.7423,41732.0
2019-01-25 11:41:00,156.77,156.8,156.74,156.74,33106.0
2019-01-25 11:42:00,156.72,156.75,156.68,156.6939,65218.0
2019-01-25 11:43:00,156.69,156.77,156.6662,156.77,34937.0
2019-01-25 11:44:00,156.7736,156.91,156.7736,156.86,93745.0
2019-01-25 11:45:00,156.86,156.945,156.86,156.94,57117.0
2019-01-25 11:46:00,156.9301,156.9623,156.9205,156.9499,42118.0
2019-01-25 11:47:00,156.93,156.95,156.91,156.93,31557.0
2019-01-25 11:48:00,156.94,156.97,156.92,156.97,48126.0
2019-01-25 11:49:00,156.9699,157.02,156.96,156.985,64912.0
2019-01-25 11:50:00,157.0,157.03,156.98,157.01,46705.0
2019-01-25 11:51:00,157.0,157.0001,156.95,156.9999,62195.0
2019-01-25 11:52:00,157.01,157.08,157.0,157.04,92446.0
2019-01-25 11:53:00,157.02,157.08,157.01,157.03,76012.0
2019-01-25 11:54:00,157.01,157.1,156.98,157.05,43026.0
2019-01-25 11:55:00,157.05,157.0811,157.02,157.03,46201.0
2019-01-25 11:56:00,157.0161,157.04,156.99,156.99,41928.0
2019-01-25 11:57:00,157.0,157.0,156.92,156.92,60991.0
2019-01-25 11:58:00,156.91,156.91,156.84,156.84,82678.0
2019-01-25 11:59:00,156.845,156.95,156.8436,156.95,44205.0
2019-01-25 12:00:00,156.9491,157.0,156.94,157.0,40095.0
2019-01-25 12:01:00,157.03,157.04,156.97,156.985,114190.0
2019-01-25 12:02:00,156.99,157.0,156.96,156.97,39521.0
2019-01-25 12:03:00,156.94,156.97,156.91,156.95,23199.0
2019-01-25 12:04:00,156.95,156.97,156.93,156.94,22764.0
2019-01-25 12:05:00,156.9331,156.94,156.91,156.92,36661.0
2019-01-25 12:06:00,156.91,156.93,156.9,156.9,15388.0
2019-01-25 12:07:00,156.91,156.96,156.89,156.9103,47155.0
2019-01-25 12:08:00,156.89,156.95,156.87,156.91,37122.0
2019-01-25 12:09:00,156.925,156.95,156.9,156.9,27990.0
2019-01-25 12:10:00,156.89,156.89,156.82,156.8265,37658.0
2019-01-25 12:11:00,156.82,156.84,156.8,156.8,33224.0
2019-01-25 12:12:00,156.78,156.79,156.73,156.77,51674.0
2019-01-25 12:13:00,156.77,156.84,156.75,156.75,26326.0
2019-01-25 12:14:00,156.76,156.76,156.67,156.6807,44319.0
2019-01-25 12:15:00,156.68,156.69,156.6,156.67,67904.0
2019-01-25 12:16:00,156.67,156.71,156.67,156.69,31493.0
2019-01-25 12:17:00,156.7,156.76,156.7,156.76,45372.0
2019-01-25 12:18:00,156.7599,156.79,156.7001,156.7001,37248.0
2019-01-25 12:19:00,156.68,156.68,156.63,156.63,27056.0
2019-01-25 12:20:00,156.63,156.7,156.63,156.69,39752.0
2019-01-25 12:21:00,156.74,156.77,156.65,156.6899,26938.0
2019-01-25 12:22:00,156.6801,156.73,156.6801,156.73,17428.0
2019-01-25 12:23:00,156.74,156.75,156.71,156.7358,27203.0
2019-01-25 12:24:00,156.75,156.76,156.6939,156.7489,24622.0
2019-01-25 12:25:00,156.7526,156.87,156.73,156.87,48485.0
2019-01-25 12:26:00,156.88,156.99,156.88,156.96,74108.0
2019-01-25 12:27:00,156.97,156.97,156.93,156.97,24683.0
2019-01-25 12:28:00,156.965,156.9951,156.95,156.98,32684.0
2019-01-25 12:29:00,156.95,156.99,156.93,156.95,31622.0
2019-01-25 12:30:00,156.99,157.01,156.9,156.93,49387.0
2019-01-25 12:31:00,156.945,156.95,156.9,156.95,29523.0
2019-01-25 12:32:00,156.9536,156.9536,156.9193,156.9193,43920.0
2019-01-25 12:33:00,156.91,156.96,156.87,156.93,40569.0
2019-01-25 12:34:00,156.96,157.06,156.96,157.0532,51739.0
2019-01-25 12:35:00,157.0601,157.0674,157.02,157.05,26648.0
2019-01-25 12:36:00,157.0237,157.08,157.0237,157.06,32842.0
2019-01-25 12:37:00,157.08,157.14,157.07,157.0853,78521.0
2019-01-25 12:38:00,157.1072,157.1116,157.04,157.06,29424.0
2019-01-25 12:39:00,157.04,157.08,157.02,157.08,12704.0
2019-01-25 12:40:00,157.08,157.2099,157.05,157.2099,52078.0
2019-01-25 12:41:00,157.22,157.22,157.09,157.11,89910.0
2019-01-25 12:42:00,157.1,157.1399,157.08,157.1308,42623.0
2019-01-25 12:43:00,157.13,157.13,157.02,157.105,47376.0
2019-01-25 12:44:00,157.09,157.11,157.0666,157.11,53290.0
2019-01-25 12:45:00,157.1002,157.12,156.97,157.02,73987.0
2019-01-25 12:46:00,156.99,157.0,156.94,156.95,74443.0
2019-01-25 12:47:00,156.96,156.98,156.64,156.72,122842.0
2019-01-25 12:48:00,156.73,156.75,156.69,156.75,69830.0
2019-01-25 12:49:00,156.75,156.77,156.66,156.7255,43623.0
2019-01-25 12:50:00,156.72,156.75,156.65,156.7431,28783.0
2019-01-25 12:51:00,156.77,156.8,156.76,156.7718,23098.0
2019-01-25 12:52:00,156.76,156.76,156.57,156.573,65829.0
2019-01-25 12:53:00,156.59,156.71,156.56,156.7,52377.0
2019-01-25 12:54:00,156.68,156.69,156.67,156.69,103200.0
2019-01-25 12:55:00,156.7,156.75,156.7,156.748,39073.0
2019-01-25 12:56:00,156.75,156.82,156.715,156.82,32440.0
2019-01-25 12:57:00,156.8039,156.83,156.72,156.76,51055.0
2019-01-25 12:58:00,156.7399,156.8026,156.7399,156.78,27375.0
2019-01-25 12:59:00,156.782,156.845,156.782,156.82,22100.0
2019-01-25 13:00:00,156.84,156.91,156.84,156.8601,39117.0
2019-01-25 13:01:00,156.86,156.95,156.84,156.87,45980.0
2019-01-25 13:02:00,156.88,156.95,156.88,156.94,20130.0
2019-01-25 13:03:00,156.9749,157.0,156.95,156.95,31468.0
2019-01-25 13:04:00,156.9539,157.01,156.92,156.9201,35607.0
2019-01-25 13:05:00,156.9,156.9,156.77,156.79,32255.0
2019-01-25 13:06:00,156.7865,156.82,156.77,156.81,20076.0
2019-01-25 13:07:00,156.82,156.83,156.73,156.79,65214.0
2019-01-25 13:08:00,156.8099,156.855,156.8,156.8145,22178.0
2019-01-25 13:09:00,156.835,156.87,156.82,156.83,24744.0
2019-01-25 13:10:00,156.86,156.875,156.8568,156.86,17697.0
2019-01-25 13:11:00,156.85,156.85,156.7231,156.74,36608.0
2019-01-25 13:12:00,156.7,156.7446,156.63,156.73,33088.0
2019-01-25 13:13:00,156.73,156.8154,156.73,156.805,27356.0
2019-01-25 13:14:00,156.81,156.86,156.79,156.8301,46039.0
2019-01-25 13:15:00,156.82,156.9,156.82,156.82,24817.0
2019-01-25 13:16:00,156.81,156.84,156.8,156.8,12657.0
2019-01-25 13:17:00,156.805,156.82,156.7757,156.82,15337.0
2019-01-25 13:18:00,156.83,156.87,156.81,156.8425,32369.0
2019-01-25 13:19:00,156.83,156.89,156.81,156.81,37352.0
2019-01-25 13:20:00,156.8,156.8,156.7699,156.79,26951.0
2019-01-25 13:21:00,156.78,156.89,156.78,156.88,28271.0
2019-01-25 13:22:00,156.868,156.94,156.855,156.9239,25503.0
2019-01-25 13:23:00,156.94,156.945,156.88,156.9,25585.0
2019-01-25 13:24:00,156.9325,156.98,156.915,156.98,24093.0
2019-01-25 13:25:00,156.99,157.17,156.99,157.14,200357.0
2019-01-25 13:26:00,157.14,157.23,157.14,157.17,56283.0
2019-01-25 13:27:00,157.16,157.18,157.1403,157.18,25590.0
2019-01-25 13:28:00,157.175,157.175,157.11,157.1586,63278.0
2019-01-25 13:29:00,157.1732,157.1732,157.14,157.15,28150.0
2019-01-25 13:30:00,157.16,157.18,157.13,157.14,39796.0
2019-01-25 13:31:00,157.1534,157.21,157.14,157.18,40676.0
2019-01-25 13:32:00,157.165,157.22,157.163,157.19,35725.0
2019-01-25 13:33:00,157.18,157.25,157.18,157.24,83523.0
2019-01-25 13:34:00,157.245,157.32,157.23,157.29,114538.0
2019-01-25 13:35:00,157.275,157.392,157.275,157.37,100366.0
2019-01-25 13:36:00,157.38,157.45,157.38,157.43,122376.0
2019-01-25 13:37:00,157.435,157.5,157.35,157.5,80895.0
2019-01-25 13:38:00,157.47,157.52,157.46,157.47,80468.0
2019-01-25 13:39:00,157.455,157.4695,157.35,157.38,44309.0
2019-01-25 13:40:00,157.41,157.42,157.3707,157.3985,38313.0
2019-01-25 13:41:00,157.41,157.43,157.39,157.42,24913.0
2019-01-25 13:42:00,157.42,157.44,157.34,157.36,53514.0
2019-01-25 13:43:00,157.35,157.39,157.32,157.35,29106.0
2019-01-25 13:44:00,157.38,157.4001,157.3472,157.4001,25130.0
2019-01-25 13:45:00,157.41,157.45,157.4,157.4463,42594.0
2019-01-25 13:46:00,157.4532,157.4532,157.4,157.4,17062.0
2019-01-25 13:47:00,157.44,157.4847,157.44,157.4847,22032.0
2019-01-25 13:48:00,157.49,157.53,157.45,157.5,64239.0
2019-01-25 13:49:00,157.49,157.49,157.4279,157.4279,20113.0
2019-01-25 13:50:00,157.44,157.51,157.44,157.505,34464.0
2019-01-25 13:51:00,157.53,157.625,157.48,157.53,84597.0
2019-01-25 13:52:00,157.52,157.54,157.5001,157.51,35679.0
2019-01-25 13:53:00,157.52,157.52,157.48,157.52,45698.0
2019-01-25 13:54:00,157.52,157.5801,157.52,157.5585,53324.0
2019-01-25 13:55:00,157.57,157.5864,157.55,157.57,23158.0
2019-01-25 13:56:00,157.5699,157.595,157.55,157.595,41674.0
2019-01-25 13:57:00,157.6,157.61,157.58,157.58,32180.0
2019-01-25 13:58:00,157.59,157.61,157.575,157.575,26217.0
2019-01-25 13:59:00,157.57,157.61,157.57,157.59,22112.0
2019-01-25 14:00:00,157.59,157.63,157.59,157.62,50684.0
2019-01-25 14:01:00,157.64,157.66,157.635,157.65,48501.0
2019-01-25 14:02:00,157.64,157.64,157.57,157.57,54587.0
2019-01-25 14:03:00,157.57,157.63,157.5601,157.6,27445.0
2019-01-25 14:04:00,157.59,157.6101,157.58,157.61,36299.0
2019-01-25 14:05:00,157.62,157.69,157.62,157.69,65157.0
2019-01-25 14:06:00,157.69,157.75,157.69,157.75,62653.0
2019-01-25 14:07:00,157.75,157.83,157.7401,157.83,83334.0
2019-01-25 14:08:00,157.8175,157.95,157.81,157.93,135009.0
2019-01-25 14:09:00,157.93,157.97,157.92,157.96,72660.0
2019-01-25 14:10:00,157.95,157.99,157.9305,157.96,52243.0
2019-01-25 14:11:00,157.97,157.97,157.905,157.93,52864.0
2019-01-25 14:12:00,157.94,157.94,157.85,157.8826,118828.0
2019-01-25 14:13:00,157.9,157.9,157.83,157.84,64519.0
2019-01-25 14:14:00,157.86,157.9,157.82,157.82,91260.0
2019-01-25 14:15:00,157.81,157.8214,157.76,157.7851,66500.0
2019-01-25 14:16:00,157.7839,157.7976,157.71,157.7647,29354.0
2019-01-25 14:17:00,157.785,157.9255,157.785,157.9255,86698.0
2019-01-25 14:18:00,157.92,158.13,157.7,157.7,276467.0
2019-01-25 14:19:00,157.72,157.92,157.7155,157.91,87624.0
2019-01-25 14:20:00,157.9135,158.0,157.91,157.97,57567.0
2019-01-25 14:21:00,157.98,158.02,157.95,157.96,61586.0
2019-01-25 14:22:00,157.95,157.9599,157.72,157.8,104601.0
2019-01-25 14:23:00,157.77,157.85,157.7,157.706,89422.0
2019-01-25 14:24:00,157.71,157.78,157.7,157.72,86328.0
2019-01-25 14:25:00,157.7,157.7,157.57,157.64,87991.0
2019-01-25 14:26:00,157.63,157.66,157.6,157.65,77885.0
2019-01-25 14:27:00,157.63,157.66,157.61,157.61,44163.0
2019-01-25 14:28:00,157.615,157.64,157.39,157.4,92033.0
2019-01-25 14:29:00,157.41,157.47,157.28,157.39,78556.0
2019-01-25 14:30:00,157.39,157.45,157.37,157.45,44174.0
2019-01-25 14:31:00,157.45,157.57,157.43,157.4436,69542.0
2019-01-25 14:32:00,157.4615,157.52,157.4202,157.46,40192.0
2019-01-25 14:33:00,157.47,157.51,157.46,157.51,62973.0
2019-01-25 14:34:00,157.5,157.53,157.44,157.46,52729.0
2019-01-25 14:35:00,157.465,157.525,157.415,157.47,39619.0
2019-01-25 14:36:00,157.44,157.49,157.36,157.48,79157.0
2019-01-25 14:37:00,157.46,157.48,157.4085,157.43,49814.0
2019-01-25 14:38:00,157.42,157.4804,157.4,157.46,37675.0
2019-01-25 14:39:00,157.47,157.5458,157.431,157.5439,69464.0
2019-01-25 14:40:00,157.561,157.7,157.56,157.69,42760.0
2019-01-25 14:41:00,157.69,157.75,157.68,157.6966,67657.0
2019-01-25 14:42:00,157.71,157.77,157.7,157.71,25436.0
2019-01-25 14:43:00,157.7098,157.7398,157.68,157.68,40843.0
2019-01-25 14:44:00,157.7,157.8445,157.7,157.8445,68543.0
2019-01-25 14:45:00,157.8298,157.91,157.82,157.84,63305.0
2019-01-25 14:46:00,157.82,157.83,157.72,157.75,40644.0
2019-01-25 14:47:00,157.76,157.8,157.69,157.75,41721.0
2019-01-25 14:48:00,157.7447,157.7622,157.7,157.7,39435.0
2019-01-25 14:49:00,157.71,157.71,157.63,157.675,28727.0
2019-01-25 14:50:00,157.68,157.69,157.56,157.56,37239.0
2019-01-25 14:51:00,157.57,157.57,157.5,157.5026,32459.0
2019-01-25 14:52:00,157.52,157.52,157.49,157.5,22291.0
2019-01-25 14:53:00,157.5,157.59,157.48,157.57,50720.0
2019-01-25 14:54:00,157.56,157.62,157.56,157.61,37324.0
2019-01-25 14:55:00,157.61,157.7,157.59,157.68,58751.0
2019-01-25 14:56:00,157.6662,157.76,157.62,157.705,93245.0
2019-01-25 14:57:00,157.71,157.71,157.65,157.66,44493.0
2019-01-25 14:58:00,157.64,157.64,157.55,157.55,33494.0
2019-01-25 14:59:00,157.55,157.6,157.51,157.59,44117.0
2019-01-25 15:00:00,157.59,157.65,157.57,157.6175,47000.0
2019-01-25 15:01:00,157.61,157.626,157.505,157.518,40725.0
2019-01-25 15:02:00,157.53,157.59,157.53,157.59,25624.0
2019-01-25 15:03:00,157.59,157.64,157.59,157.5999,31421.0
2019-01-25 15:04:00,157.6,157.64,157.53,157.53,44528.0
2019-01-25 15:05:00,157.535,157.59,157.53,157.59,35320.0
2019-01-25 15:06:00,157.595,157.595,157.55,157.56,39739.0
2019-01-25 15:07:00,157.595,157.595,157.501,157.51,52736.0
2019-01-25 15:08:00,157.5,157.55,157.46,157.48,81402.0
2019-01-25 15:09:00,157.49,157.5,157.31,157.3119,72836.0
2019-01-25 15:10:00,157.33,157.38,157.325,157.3652,49533.0
2019-01-25 15:11:00,157.39,157.54,157.39,157.48,47087.0
2019-01-25 15:12:00,157.49,157.51,157.46,157.48,29551.0
2019-01-25 15:13:00,157.48,157.51,157.47,157.47,25502.0
2019-01-25 15:14:00,157.45,157.48,157.405,157.42,27506.0
2019-01-25 15:15:00,157.45,157.48,157.44,157.473,26430.0
2019-01-25 15:16:00,157.49,157.5175,157.465,157.51,39114.0
2019-01-25 15:17:00,157.515,157.57,157.5,157.56,64239.0
2019-01-25 15:18:00,157.58,157.7041,157.58,157.68,62611.0
2019-01-25 15:19:00,157.68,157.72,157.68,157.7,68445.0
2019-01-25 15:20:00,157.7225,157.8,157.7225,157.79,95815.0
2019-01-25 15:21:00,157.7899,157.7899,157.72,157.77,50780.0
2019-01-25 15:22:00,157.759,157.76,157.7,157.7251,48004.0
2019-01-25 15:23:00,157.73,157.81,157.72,157.7999,36251.0
2019-01-25 15:24:00,157.78,157.8,157.67,157.7,60542.0
2019-01-25 15:25:00,157.69,157.8,157.69,157.76,44026.0
2019-01-25 15:26:00,157.76,157.82,157.74,157.8,43813.0
2019-01-25 15:27:00,157.8,157.88,157.8,157.8285,45754.0
2019-01-25 15:28:00,157.8,157.8,157.7,157.71,46271.0
2019-01-25 15:29:00,157.72,157.72,157.65,157.66,51900.0
2019-01-25 15:30:00,157.64,157.64,157.49,157.55,101568.0
2019-01-25 15:31:00,157.555,157.59,157.46,157.539,212094.0
2019-01-25 15:32:00,157.53,157.53,157.41,157.45,88431.0
2019-01-25 15:33:00,157.44,157.46,157.33,157.36,56473.0
2019-01-25 15:34:00,157.36,157.4,157.33,157.375,86395.0
2019-01-25 15:35:00,157.38,157.54,157.36,157.5,145890.0
2019-01-25 15:36:00,157.49,157.49,157.23,157.28,110022.0
2019-01-25 15:37:00,157.28,157.35,157.26,157.32,73937.0
2019-01-25 15:38:00,157.34,157.38,157.29,157.29,90806.0
2019-01-25 15:39:00,157.31,157.3429,157.26,157.32,198149.0
2019-01-25 15:40:00,157.33,157.44,157.33,157.44,54448.0
2019-01-25 15:41:00,157.42,157.49,157.3464,157.49,107208.0
2019-01-25 15:42:00,157.48,157.69,157.47,157.64,140556.0
2019-01-25 15:43:00,157.6466,157.6466,157.53,157.58,60799.0
2019-01-25 15:44:00,157.55,157.62,157.54,157.62,43313.0
2019-01-25 15:45:00,157.6201,157.72,157.59,157.59,105453.0
2019-01-25 15:46:00,157.6,157.7,157.5869,157.64,75652.0
2019-01-25 15:47:00,157.655,157.69,157.57,157.685,118731.0
2019-01-25 15:48:00,157.68,157.68,157.53,157.55,78708.0
2019-01-25 15:49:00,157.56,157.61,157.54,157.6,61245.0
2019-01-25 15:50:00,157.61,157.68,157.61,157.6667,77254.0
2019-01-25 15:51:00,157.66,157.69,157.645,157.65,80616.0
2019-01-25 15:52:00,157.65,157.7198,157.63,157.635,117987.0
2019-01-25 15:53:00,157.64,157.68,157.6,157.6,89661.0
2019-01-25 15:54:00,157.6,157.7,157.58,157.7,156087.0
2019-01-25 15:55:00,157.7,157.78,157.7,157.72,130180.0
2019-01-25 15:56:00,157.73,157.93,157.64,157.64,331185.0
2019-01-25 15:57:00,157.63,157.69,157.62,157.67,142965.0
2019-01-25 15:58:00,157.66,157.66,157.6,157.62,138375.0
2019-01-25 15:59:00,157.61,157.61,157.48,157.5,281072.0
2019-01-25 16:00:00,157.51,157.74,157.46,157.72,652219.0
2019-01-28 09:31:00,155.82,155.82,154.97,155.01,1356734.0
2019-01-28 09:32:00,155.03,155.556,155.03,155.4327,165194.0
2019-01-28 09:33:00,155.48,155.56,155.0715,155.0715,136537.0
2019-01-28 09:34:00,155.0596,155.1,154.6,154.6,300948.0
2019-01-28 09:35:00,154.6,154.81,154.485,154.81,210628.0
2019-01-28 09:36:00,154.7628,155.0591,154.64,155.0591,129625.0
2019-01-28 09:37:00,155.02,155.02,154.84,154.89,99957.0
2019-01-28 09:38:00,154.87,155.0,154.73,154.88,97972.0
2019-01-28 09:39:00,154.91,155.0,154.8905,154.9195,111233.0
2019-01-28 09:40:00,154.9,155.005,154.76,154.84,136284.0
2019-01-28 09:41:00,154.79,154.81,154.68,154.7726,117264.0
2019-01-28 09:42:00,154.8,154.9,154.67,154.86,103774.0
2019-01-28 09:43:00,154.93,154.968,154.72,154.8435,85497.0
2019-01-28 09:44:00,154.84,155.0,154.73,154.9297,161986.0
2019-01-28 09:45:00,154.84,154.9401,154.73,154.84,87398.0
2019-01-28 09:46:00,154.7815,154.85,154.7,154.8,89854.0
2019-01-28 09:47:00,154.8,154.82,154.68,154.7205,118002.0
2019-01-28 09:48:00,154.7105,154.7105,154.52,154.53,136109.0
2019-01-28 09:49:00,154.56,154.56,154.355,154.5084,225353.0
2019-01-28 09:50:00,154.49,154.49,154.21,154.21,159548.0
2019-01-28 09:51:00,154.16,154.16,153.84,154.04,279028.0
2019-01-28 09:52:00,154.04,154.14,154.0,154.14,154659.0
2019-01-28 09:53:00,154.16,154.22,153.84,153.84,143533.0
2019-01-28 09:54:00,153.86,154.03,153.86,153.99,128115.0
2019-01-28 09:55:00,153.96,153.96,153.7,153.8,110401.0
2019-01-28 09:56:00,153.73,153.9427,153.67,153.9427,74294.0
2019-01-28 09:57:00,153.95,154.11,153.95,154.04,92832.0
2019-01-28 09:58:00,154.1,154.37,154.1,154.37,153619.0
2019-01-28 09:59:00,154.36,154.44,154.33,154.44,91320.0
2019-01-28 10:00:00,154.48,154.6202,154.4789,154.5896,125466.0
2019-01-28 10:01:00,154.56,154.56,154.3238,154.475,84564.0
2019-01-28 10:02:00,154.49,154.73,154.39,154.73,111645.0
2019-01-28 10:03:00,154.7,154.83,154.7,154.81,92185.0
2019-01-28 10:04:00,154.8,154.95,154.75,154.95,113283.0
2019-01-28 10:05:00,154.93,154.97,154.7,154.77,104715.0
2019-01-28 10:06:00,154.8101,155.125,154.81,155.09,135415.0
2019-01-28 10:07:00,155.1398,155.33,155.1398,155.26,130359.0
2019-01-28 10:08:00,155.28,155.44,155.28,155.4,121095.0
2019-01-28 10:09:00,155.4,155.62,155.36,155.6,119294.0
2019-01-28 10:10:00,155.6,155.6628,155.54,155.59,95728.0
2019-01-28 10:11:00,155.52,155.53,155.4,155.475,107932.0
2019-01-28 10:12:00,155.455,155.47,155.36,155.43,72018.0
2019-01-28 10:13:00,155.48,155.48,155.3126,155.3872,51412.0
2019-01-28 10:14:00,155.39,155.44,155.3,155.3,61138.0
2019-01-28 10:15:00,155.27,155.31,155.13,155.16,87184.0
2019-01-28 10:16:00,155.14,155.4,155.14,155.37,89027.0
2019-01-28 10:17:00,155.448,155.49,155.36,155.43,60444.0
2019-01-28 10:18:00,155.37,155.45,155.37,155.44,52844.0
2019-01-28 10:19:00,155.41,155.4961,155.36,155.39,58689.0
2019-01-28 10:20:00,155.365,155.51,155.28,155.51,74913.0
2019-01-28 10:21:00,155.45,155.5532,155.37,155.51,59351.0
2019-01-28 10:22:00,155.49,155.63,155.49,155.5506,84450.0
2019-01-28 10:23:00,155.58,155.64,155.49,155.6,87725.0
2019-01-28 10:24:00,155.59,155.61,155.4625,155.4625,46491.0
2019-01-28 10:25:00,155.45,155.4884,155.37,155.4884,75397.0
2019-01-28 10:26:00,155.45,155.45,155.31,155.38,57285.0
2019-01-28 10:27:00,155.34,155.34,155.26,155.32,40268.0
2019-01-28 10:28:00,155.35,155.35,155.3,155.3257,33834.0
2019-01-28 10:29:00,155.39,155.5,155.29,155.29,42010.0
2019-01-28 10:30:00,155.31,155.31,155.21,155.27,56706.0
2019-01-28 10:31:00,155.27,155.31,155.13,155.135,77399.0
2019-01-28 10:32:00,155.16,155.26,155.15,155.22,56449.0
2019-01-28 10:33:00,155.18,155.18,155.13,155.1607,55159.0
2019-01-28 10:34:00,155.15,155.27,155.11,155.11,49909.0
2019-01-28 10:35:00,155.11,155.11,154.95,154.99,83429.0
2019-01-28 10:36:00,155.0,155.04,154.9,154.99,61468.0
2019-01-28 10:37:00,154.95,154.995,154.93,154.995,41549.0
2019-01-28 10:38:00,154.95,154.984,154.8,154.8039,63445.0
2019-01-28 10:39:00,154.85,155.0119,154.85,155.0119,39151.0
2019-01-28 10:40:00,154.98,154.98,154.8,154.87,54562.0
2019-01-28 10:41:00,154.94,155.17,154.94,155.17,39277.0
2019-01-28 10:42:00,155.16,155.16,155.01,155.15,64346.0
2019-01-28 10:43:00,155.23,155.31,155.22,155.28,83770.0
2019-01-28 10:44:00,155.28,155.29,155.2496,155.29,39595.0
2019-01-28 10:45:00,155.28,155.28,155.02,155.02,55189.0
2019-01-28 10:46:00,155.0303,155.09,154.92,154.92,53636.0
2019-01-28 10:47:00,154.9,154.92,154.84,154.84,41799.0
2019-01-28 10:48:00,154.87,154.87,154.73,154.73,108429.0
2019-01-28 10:49:00,154.7208,154.7208,154.59,154.63,103257.0
2019-01-28 10:50:00,154.6,154.6,154.485,154.485,84753.0
2019-01-28 10:51:00,154.48,154.54,154.4,154.54,93021.0
2019-01-28 10:52:00,154.5,154.51,154.42,154.48,60419.0
2019-01-28 10:53:00,154.45,154.5049,154.4,154.41,46832.0
2019-01-28 10:54:00,154.43,154.53,154.43,154.51,60888.0
2019-01-28 10:55:00,154.52,154.6,154.51,154.56,79319.0
2019-01-28 10:56:00,154.57,154.6,154.5,154.5,73738.0
2019-01-28 10:57:00,154.4583,154.6,154.45,154.57,55386.0
2019-01-28 10:58:00,154.58,154.5972,154.52,154.5972,35840.0
2019-01-28 10:59:00,154.57,154.585,154.52,154.55,33532.0
2019-01-28 11:00:00,154.55,154.55,154.35,154.35,77058.0
2019-01-28 11:01:00,154.35,154.51,154.35,154.48,87502.0
2019-01-28 11:02:00,154.46,154.46,154.36,154.36,47298.0
2019-01-28 11:03:00,154.36,154.39,154.27,154.34,82904.0
2019-01-28 11:04:00,154.3327,154.4,154.2649,154.2649,68470.0
2019-01-28 11:05:00,154.28,154.34,154.25,154.26,60900.0
2019-01-28 11:06:00,154.25,154.44,154.25,154.43,67000.0
2019-01-28 11:07:00,154.43,154.43,154.31,154.32,48623.0
2019-01-28 11:08:00,154.34,154.34,154.26,154.34,62264.0
2019-01-28 11:09:00,154.34,154.42,154.34,154.42,51423.0
2019-01-28 11:10:00,154.4079,154.54,154.4079,154.52,54715.0
2019-01-28 11:11:00,154.5,154.55,154.44,154.55,46019.0
2019-01-28 11:12:00,154.5846,154.81,154.5846,154.81,128795.0
2019-01-28 11:13:00,154.77,154.87,154.74,154.83,73740.0
2019-01-28 11:14:00,154.84,155.01,154.84,154.98,66764.0
2019-01-28 11:15:00,155.0,155.04,154.96,154.986,61295.0
2019-01-28 11:16:00,154.97,154.985,154.905,154.9569,57051.0
2019-01-28 11:17:00,154.9499,155.0025,154.93,155.0025,50028.0
2019-01-28 11:18:00,155.0,155.0,154.85,154.88,53113.0
2019-01-28 11:19:00,154.86,154.9,154.76,154.78,51876.0
2019-01-28 11:20:00,154.82,154.9,154.81,154.81,38644.0
2019-01-28 11:21:00,154.86,155.0799,154.86,154.97,44714.0
2019-01-28 11:22:00,155.0,155.0,154.87,154.94,24711.0
2019-01-28 11:23:00,154.88,155.1,154.88,154.94,76634.0
2019-01-28 11:24:00,154.94,154.98,154.87,154.9639,48649.0
2019-01-28 11:25:00,155.005,155.13,155.0,155.13,37491.0
2019-01-28 11:26:00,155.134,155.16,155.07,155.16,34527.0
2019-01-28 11:27:00,155.1237,155.16,155.08,155.08,50893.0
2019-01-28 11:28:00,155.08,155.1415,155.0375,155.0599,40651.0
2019-01-28 11:29:00,155.0501,155.11,154.96,154.96,46266.0
2019-01-28 11:30:00,154.96,154.96,154.84,154.88,55094.0
2019-01-28 11:31:00,154.93,154.985,154.87,154.89,29418.0
2019-01-28 11:32:00,154.83,154.92,154.83,154.91,45628.0
2019-01-28 11:33:00,154.92,155.09,154.8751,155.09,31458.0
2019-01-28 11:34:00,155.09,155.099,154.9,154.91,38501.0
2019-01-28 11:35:00,154.87,154.97,154.87,154.97,24513.0
2019-01-28 11:36:00,154.93,154.95,154.86,154.9315,58168.0
2019-01-28 11:37:00,154.95,155.05,154.95,155.05,44269.0
2019-01-28 11:38:00,155.07,155.07,154.87,154.87,64607.0
2019-01-28 11:39:00,154.89,154.94,154.85,154.8501,35926.0
2019-01-28 11:40:00,154.86,154.8991,154.785,154.89,33549.0
2019-01-28 11:41:00,154.87,154.92,154.81,154.9,35055.0
2019-01-28 11:42:00,154.89,154.93,154.87,154.87,41402.0
2019-01-28 11:43:00,154.9267,154.98,154.91,154.96,61340.0
2019-01-28 11:44:00,154.95,154.98,154.88,154.895,34338.0
2019-01-28 11:45:00,154.92,154.94,154.89,154.94,20259.0
2019-01-28 11:46:00,154.93,155.1,154.78,155.06,268865.0
2019-01-28 11:47:00,155.07,155.07,154.98,154.98,38951.0
2019-01-28 11:48:00,154.93,154.94,154.63,154.63,102935.0
2019-01-28 11:49:00,154.68,154.73,154.5796,154.6499,51003.0
2019-01-28 11:50:00,154.65,154.68,154.6,154.68,26206.0
2019-01-28 11:51:00,154.65,154.66,154.5742,154.63,33965.0
2019-01-28 11:52:00,154.69,154.72,154.67,154.7,17835.0
2019-01-28 11:53:00,154.74,154.74,154.64,154.655,27567.0
2019-01-28 11:54:00,154.6889,154.6889,154.52,154.52,21597.0
2019-01-28 11:55:00,154.52,154.52,154.42,154.43,51336.0
2019-01-28 11:56:00,154.4299,154.46,154.4,154.435,30850.0
2019-01-28 11:57:00,154.41,154.58,154.36,154.56,54200.0
2019-01-28 11:58:00,154.58,154.65,154.57,154.63,37100.0
2019-01-28 11:59:00,154.64,154.64,154.5758,154.5758,30605.0
2019-01-28 12:00:00,154.58,154.63,154.45,154.45,42268.0
2019-01-28 12:01:00,154.46,154.56,154.44,154.51,23921.0
2019-01-28 12:02:00,154.535,154.535,154.43,154.45,23764.0
2019-01-28 12:03:00,154.41,154.47,154.38,154.47,34247.0
2019-01-28 12:04:00,154.43,154.51,154.37,154.51,28998.0
2019-01-28 12:05:00,154.525,154.72,154.525,154.72,37088.0
2019-01-28 12:06:00,154.73,154.76,154.7,154.76,30218.0
2019-01-28 12:07:00,154.7527,154.7527,154.67,154.7,35249.0
2019-01-28 12:08:00,154.71,154.77,154.62,154.62,43753.0
2019-01-28 12:09:00,154.55,154.74,154.55,154.74,24774.0
2019-01-28 12:10:00,154.7493,154.83,154.74,154.83,29062.0
2019-01-28 12:11:00,154.84,154.86,154.76,154.76,30410.0
2019-01-28 12:12:00,154.75,154.78,154.68,154.78,23877.0
2019-01-28 12:13:00,154.78,154.8,154.68,154.69,18169.0
2019-01-28 12:14:00,154.688,154.706,154.6345,154.69,17042.0
2019-01-28 12:15:00,154.65,154.66,154.5854,154.59,31413.0
2019-01-28 12:16:00,154.63,154.7742,154.63,154.7742,35021.0
2019-01-28 12:17:00,154.79,154.8,154.7,154.8,22904.0
2019-01-28 12:18:00,154.8,154.8843,154.8,154.83,21268.0
2019-01-28 12:19:00,154.82,154.82,154.73,154.77,22966.0
2019-01-28 12:20:00,154.78,154.78,154.7,154.7,15482.0
2019-01-28 12:21:00,154.66,154.75,154.66,154.745,18121.0
2019-01-28 12:22:00,154.76,154.85,154.76,154.83,47340.0
2019-01-28 12:23:00,154.87,154.9395,154.87,154.9,32993.0
2019-01-28 12:24:00,154.9,154.93,154.8699,154.8699,30783.0
2019-01-28 12:25:00,154.89,154.9262,154.89,154.92,21742.0
2019-01-28 12:26:00,154.92,155.0,154.92,155.0,36094.0
2019-01-28 12:27:00,155.0197,155.04,154.93,154.93,39397.0
2019-01-28 12:28:00,154.95,154.9755,154.9138,154.9503,15893.0
2019-01-28 12:29:00,154.96,155.03,154.92,154.9954,39275.0
2019-01-28 12:30:00,154.9902,155.07,154.9902,155.05,30627.0
2019-01-28 12:31:00,155.04,155.1,155.04,155.07,29096.0
2019-01-28 12:32:00,155.064,155.1,155.06,155.08,17469.0
2019-01-28 12:33:00,155.07,155.07,154.9862,155.03,31373.0
2019-01-28 12:34:00,155.02,155.02,154.96,155.0001,36265.0
2019-01-28 12:35:00,154.9899,155.06,154.9899,155.05,20606.0
2019-01-28 12:36:00,155.04,155.04,154.9302,154.99,24699.0
2019-01-28 12:37:00,154.99,155.01,154.94,154.98,23185.0
2019-01-28 12:38:00,154.99,154.99,154.82,154.8299,37511.0
2019-01-28 12:39:00,154.83,154.98,154.83,154.97,29069.0
2019-01-28 12:40:00,154.9502,155.05,154.9502,155.0301,22813.0
2019-01-28 12:41:00,155.04,155.09,155.022,155.06,13969.0
2019-01-28 12:42:00,155.04,155.09,155.04,155.04,18266.0
2019-01-28 12:43:00,155.06,155.07,155.04,155.05,15820.0
2019-01-28 12:44:00,155.0551,155.12,155.03,155.07,31174.0
2019-01-28 12:45:00,155.07,155.09,154.95,154.95,24676.0
2019-01-28 12:46:00,154.95,154.97,154.92,154.96,27776.0
2019-01-28 12:47:00,154.98,154.98,154.89,154.9,28383.0
2019-01-28 12:48:00,154.94,154.9926,154.92,154.92,29750.0
2019-01-28 12:49:00,154.9301,154.95,154.89,154.95,21751.0
2019-01-28 12:50:00,154.95,154.989,154.94,154.98,28698.0
2019-01-28 12:51:00,155.0,155.08,154.98,154.98,21248.0
2019-01-28 12:52:00,154.99,155.02,154.97,154.97,14054.0
2019-01-28 12:53:00,154.97,155.01,154.91,154.9942,23775.0
2019-01-28 12:54:00,154.995,155.09,154.96,155.0473,42195.0
2019-01-28 12:55:00,155.0,155.05,155.0,155.03,49410.0
2019-01-28 12:56:00,155.0121,155.0499,154.99,155.0,58138.0
2019-01-28 12:57:00,155.03,155.1366,155.01,155.04,53683.0
2019-01-28 12:58:00,155.05,155.1,155.0,155.035,44289.0
2019-01-28 12:59:00,155.01,155.03,154.83,154.86,64464.0
2019-01-28 13:00:00,154.8763,154.9041,154.8351,154.8351,46248.0
2019-01-28 13:01:00,154.83,154.87,154.78,154.87,29323.0
2019-01-28 13:02:00,154.87,154.89,154.865,154.88,32643.0
2019-01-28 13:03:00,154.87,154.88,154.79,154.88,37104.0
2019-01-28 13:04:00,154.8598,154.8598,154.8229,154.85,21950.0
2019-01-28 13:05:00,154.85,154.9056,154.83,154.9056,39513.0
2019-01-28 13:06:00,154.91,154.95,154.89,154.9,33041.0
2019-01-28 13:07:00,154.92,155.05,154.92,155.0,30403.0
2019-01-28 13:08:00,155.0,155.05,154.99,155.03,24472.0
2019-01-28 13:09:00,155.03,155.1,155.03,155.07,39287.0
2019-01-28 13:10:00,155.05,155.0965,155.05,155.05,22044.0
2019-01-28 13:11:00,155.06,155.14,155.06,155.119,21539.0
2019-01-28 13:12:00,155.1,155.1,155.05,155.07,22250.0
2019-01-28 13:13:00,155.09,155.2,155.08,155.2,37867.0
2019-01-28 13:14:00,155.2,155.2898,155.17,155.2898,42058.0
2019-01-28 13:15:00,155.26,155.33,155.26,155.3,59828.0
2019-01-28 13:16:00,155.31,155.3219,155.25,155.27,39419.0
2019-01-28 13:17:00,155.28,155.28,155.22,155.22,24295.0
2019-01-28 13:18:00,155.2,155.21,155.19,155.2,35332.0
2019-01-28 13:19:00,155.21,155.29,155.21,155.28,36347.0
2019-01-28 13:20:00,155.29,155.29,155.26,155.26,14603.0
2019-01-28 13:21:00,155.27,155.29,155.23,155.28,21593.0
2019-01-28 13:22:00,155.29,155.39,155.29,155.39,74056.0
2019-01-28 13:23:00,155.39,155.39,155.33,155.36,48978.0
2019-01-28 13:24:00,155.36,155.48,155.36,155.48,39384.0
2019-01-28 13:25:00,155.47,155.69,155.47,155.6285,173305.0
2019-01-28 13:26:00,155.6268,155.82,155.5899,155.7749,90081.0
2019-01-28 13:27:00,155.78,155.78,155.7,155.75,56945.0
2019-01-28 13:28:00,155.75,155.765,155.68,155.68,43507.0
2019-01-28 13:29:00,155.66,155.7,155.63,155.7,37097.0
2019-01-28 13:30:00,155.67,155.67,155.57,155.58,42958.0
2019-01-28 13:31:00,155.57,155.67,155.57,155.62,35156.0
2019-01-28 13:32:00,155.62,155.73,155.62,155.71,43176.0
2019-01-28 13:33:00,155.69,155.76,155.69,155.7246,46096.0
2019-01-28 13:34:00,155.73,155.745,155.7189,155.72,26413.0
2019-01-28 13:35:00,155.7434,155.8,155.7434,155.8,36078.0
2019-01-28 13:36:00,155.81,155.85,155.7099,155.7099,36570.0
2019-01-28 13:37:00,155.71,155.73,155.67,155.71,33105.0
2019-01-28 13:38:00,155.73,155.77,155.73,155.76,25049.0
2019-01-28 13:39:00,155.76,155.77,155.74,155.77,23601.0
2019-01-28 13:40:00,155.78,155.7954,155.73,155.75,25169.0
2019-01-28 13:41:00,155.74,155.74,155.61,155.65,38246.0
2019-01-28 13:42:00,155.64,155.64,155.58,155.64,25115.0
2019-01-28 13:43:00,155.64,155.68,155.64,155.67,23115.0
2019-01-28 13:44:00,155.6701,155.734,155.6701,155.71,21803.0
2019-01-28 13:45:00,155.7,155.71,155.63,155.66,17569.0
2019-01-28 13:46:00,155.65,155.71,155.6301,155.71,17987.0
2019-01-28 13:47:00,155.72,155.75,155.67,155.7001,38843.0
2019-01-28 13:48:00,155.71,155.71,155.67,155.7,17971.0
2019-01-28 13:49:00,155.72,155.865,155.72,155.865,50630.0
2019-01-28 13:50:00,155.86,155.95,155.86,155.95,53346.0
2019-01-28 13:51:00,155.96,156.01,155.88,155.8914,122115.0
2019-01-28 13:52:00,155.9,155.9,155.76,155.76,26120.0
2019-01-28 13:53:00,155.7664,155.86,155.7664,155.83,24633.0
2019-01-28 13:54:00,155.81,155.845,155.78,155.78,24987.0
2019-01-28 13:55:00,155.77,155.8069,155.77,155.7936,27153.0
2019-01-28 13:56:00,155.8,155.82,155.76,155.7935,18765.0
2019-01-28 13:57:00,155.79,155.79,155.7162,155.73,29828.0
2019-01-28 13:58:00,155.73,155.74,155.695,155.73,43643.0
2019-01-28 13:59:00,155.73,155.825,155.72,155.825,34481.0
2019-01-28 14:00:00,155.8,155.815,155.72,155.73,22458.0
2019-01-28 14:01:00,155.75,155.9,155.75,155.86,33590.0
2019-01-28 14:02:00,155.86,155.88,155.85,155.8551,21680.0
2019-01-28 14:03:00,155.8602,155.94,155.8602,155.93,31155.0
2019-01-28 14:04:00,155.94,156.03,155.935,155.99,57276.0
2019-01-28 14:05:00,155.97,155.97,155.8165,155.8165,67340.0
2019-01-28 14:06:00,155.83,155.85,155.83,155.85,14984.0
2019-01-28 14:08:00,155.84,155.87,155.82,155.82,91301.0
2019-01-28 14:09:00,155.825,155.88,155.825,155.86,27008.0
2019-01-28 14:10:00,155.858,155.94,155.858,155.93,28847.0
2019-01-28 14:11:00,155.92,155.92,155.84,155.84,30512.0
2019-01-28 14:12:00,155.85,155.9,155.65,155.72,71757.0
2019-01-28 14:13:00,155.73,155.82,155.73,155.82,57900.0
2019-01-28 14:14:00,155.83,155.9039,155.83,155.88,29774.0
2019-01-28 14:15:00,155.9,155.93,155.89,155.9,21108.0
2019-01-28 14:16:00,155.88,155.88,155.79,155.85,37324.0
2019-01-28 14:17:00,155.8586,155.9399,155.8586,155.93,26289.0
2019-01-28 14:18:00,155.94,155.94,155.83,155.83,40303.0
2019-01-28 14:19:00,155.82,155.858,155.82,155.85,26672.0
2019-01-28 14:20:00,155.86,155.92,155.86,155.9,25794.0
2019-01-28 14:21:00,155.89,156.0,155.88,155.97,28036.0
2019-01-28 14:22:00,155.94,155.94,155.91,155.91,27590.0
2019-01-28 14:23:00,155.89,155.89,155.69,155.69,37933.0
2019-01-28 14:24:00,155.6949,155.7,155.6399,155.642,61103.0
2019-01-28 14:25:00,155.6399,155.65,155.57,155.62,49440.0
2019-01-28 14:26:00,155.63,155.65,155.58,155.585,22228.0
2019-01-28 14:27:00,155.57,155.61,155.54,155.54,46329.0
2019-01-28 14:28:00,155.5488,155.68,155.5488,155.68,46665.0
2019-01-28 14:29:00,155.69,155.72,155.62,155.71,49666.0
2019-01-28 14:30:00,155.72,155.73,155.68,155.6925,32870.0
2019-01-28 14:31:00,155.72,155.83,155.72,155.83,52578.0
2019-01-28 14:32:00,155.835,155.9,155.835,155.85,43792.0
2019-01-28 14:33:00,155.845,155.85,155.75,155.75,38978.0
2019-01-28 14:34:00,155.76,155.84,155.76,155.83,20785.0
2019-01-28 14:35:00,155.8478,155.9289,155.8478,155.89,38597.0
2019-01-28 14:36:00,155.88,155.9,155.87,155.89,18897.0
2019-01-28 14:37:00,155.9,155.92,155.85,155.86,34050.0
2019-01-28 14:38:00,155.85,155.85,155.75,155.8,24477.0
2019-01-28 14:39:00,155.805,155.805,155.77,155.77,30999.0
2019-01-28 14:40:00,155.76,155.8369,155.76,155.83,40000.0
2019-01-28 14:41:00,155.83,155.835,155.79,155.79,39122.0
2019-01-28 14:42:00,155.79,155.8,155.65,155.665,35239.0
2019-01-28 14:43:00,155.65,155.65,155.59,155.59,41937.0
2019-01-28 14:44:00,155.61,155.68,155.6,155.605,43211.0
2019-01-28 14:45:00,155.5982,155.68,155.5982,155.665,47376.0
2019-01-28 14:46:00,155.69,155.7952,155.69,155.7755,48654.0
2019-01-28 14:47:00,155.7845,155.89,155.7845,155.83,56812.0
2019-01-28 14:48:00,155.845,155.9,155.845,155.86,31377.0
2019-01-28 14:49:00,155.88,155.96,155.88,155.95,46916.0
2019-01-28 14:50:00,155.959,155.9995,155.95,155.96,38507.0
2019-01-28 14:51:00,155.98,156.2,155.98,156.195,105901.0
2019-01-28 14:52:00,156.1864,156.2768,156.1486,156.2389,76760.0
2019-01-28 14:53:00,156.22,156.24,156.16,156.17,25894.0
2019-01-28 14:54:00,156.18,156.18,156.0933,156.0933,37191.0
2019-01-28 14:55:00,156.1,156.17,156.09,156.13,42124.0
2019-01-28 14:56:00,156.14,156.2,156.13,156.18,36690.0
2019-01-28 14:57:00,156.175,156.21,156.12,156.21,37592.0
2019-01-28 14:58:00,156.22,156.22,156.13,156.16,35626.0
2019-01-28 14:59:00,156.17,156.21,156.14,156.14,41799.0
2019-01-28 15:00:00,156.15,156.19,156.02,156.03,46969.0
2019-01-28 15:01:00,156.03,156.14,156.03,156.06,48647.0
2019-01-28 15:02:00,156.09,156.17,156.0848,156.17,34490.0
2019-01-28 15:03:00,156.14,156.14,156.06,156.06,27283.0
2019-01-28 15:04:00,156.06,156.1,156.01,156.05,36070.0
2019-01-28 15:05:00,156.0525,156.08,155.96,155.9668,59747.0
2019-01-28 15:06:00,155.97,156.0,155.85,155.9,111866.0
2019-01-28 15:07:00,155.93,155.93,155.75,155.81,51668.0
2019-01-28 15:08:00,155.76,155.82,155.735,155.82,35052.0
2019-01-28 15:09:00,155.8,155.84,155.79,155.82,36978.0
2019-01-28 15:10:00,155.83,155.9,155.8152,155.89,35615.0
2019-01-28 15:11:00,155.895,155.93,155.8,155.8,44727.0
2019-01-28 15:12:00,155.785,155.785,155.6838,155.69,38420.0
2019-01-28 15:13:00,155.67,155.89,155.67,155.835,68988.0
2019-01-28 15:14:00,155.84,155.845,155.8,155.8379,27928.0
2019-01-28 15:15:00,155.84,156.01,155.84,155.95,69848.0
2019-01-28 15:16:00,155.97,156.0,155.94,155.96,44191.0
2019-01-28 15:17:00,155.98,155.9849,155.87,155.87,97499.0
2019-01-28 15:18:00,155.87,155.91,155.86,155.8834,46339.0
2019-01-28 15:19:00,155.89,155.89,155.79,155.81,55314.0
2019-01-28 15:20:00,155.81,155.88,155.81,155.84,40346.0
2019-01-28 15:21:00,155.87,156.08,155.87,156.05,100772.0
2019-01-28 15:22:00,156.04,156.04,155.86,155.87,71686.0
2019-01-28 15:23:00,155.89,155.93,155.88,155.92,34146.0
2019-01-28 15:24:00,155.91,155.99,155.88,155.88,50340.0
2019-01-28 15:25:00,155.91,156.09,155.91,156.02,65899.0
2019-01-28 15:26:00,156.02,156.0421,155.9772,156.02,63585.0
2019-01-28 15:27:00,156.02,156.06,155.99,156.02,52297.0
2019-01-28 15:28:00,156.015,156.03,156.01,156.01,33657.0
2019-01-28 15:29:00,156.01,156.01,155.95,155.99,67538.0
2019-01-28 15:30:00,155.98,156.09,155.9469,155.9469,97956.0
2019-01-28 15:31:00,155.94,156.02,155.91,155.98,57672.0
2019-01-28 15:32:00,155.99,156.05,155.98,156.0,53562.0
2019-01-28 15:33:00,155.97,155.98,155.86,155.865,59248.0
2019-01-28 15:34:00,155.8698,155.96,155.8698,155.94,30127.0
2019-01-28 15:35:00,155.95,156.0286,155.95,156.0286,51101.0
2019-01-28 15:36:00,156.03,156.03,155.99,156.03,38739.0
2019-01-28 15:37:00,156.03,156.05,155.96,155.96,48547.0
2019-01-28 15:38:00,155.95,155.9836,155.86,155.9836,66590.0
2019-01-28 15:39:00,155.97,156.0,155.95,155.99,38425.0
2019-01-28 15:40:00,155.99,156.025,155.96,155.97,46750.0
2019-01-28 15:41:00,155.96,155.99,155.91,155.9652,35535.0
2019-01-28 15:42:00,155.97,155.98,155.93,155.93,28719.0
2019-01-28 15:43:00,155.93,155.98,155.91,155.92,38725.0
2019-01-28 15:44:00,155.91,155.95,155.8736,155.88,64318.0
2019-01-28 15:45:00,155.88,155.89,155.7705,155.8,65748.0
2019-01-28 15:46:00,155.78,155.9328,155.7687,155.9328,60142.0
2019-01-28 15:47:00,155.92,155.92,155.86,155.865,30342.0
2019-01-28 15:48:00,155.87,155.9,155.87,155.8858,45131.0
2019-01-28 15:49:00,155.89,155.92,155.84,155.84,38765.0
2019-01-28 15:50:00,155.85,155.92,155.8273,155.83,75748.0
2019-01-28 15:51:00,155.83,155.89,155.78,155.78,60053.0
2019-01-28 15:52:00,155.79,155.81,155.7302,155.74,67766.0
2019-01-28 15:53:00,155.75,155.8,155.74,155.8,52495.0
2019-01-28 15:54:00,155.79,155.86,155.79,155.84,69692.0
2019-01-28 15:55:00,155.83,155.86,155.83,155.8457,58664.0
2019-01-28 15:56:00,155.83,156.05,155.82,156.05,161410.0
2019-01-28 15:57:00,156.04,156.04,155.97,155.99,92607.0
2019-01-28 15:58:00,155.9831,156.055,155.96,156.01,121951.0
2019-01-28 15:59:00,156.01,156.1,155.99,156.09,95280.0
2019-01-28 16:00:00,156.08,156.31,156.06,156.3,359572.0
2019-01-29 09:31:00,156.21,156.43,156.1,156.2,692560.0
2019-01-29 09:32:00,156.23,156.3,155.9,156.0901,158854.0
2019-01-29 09:33:00,156.04,156.52,156.03,156.48,166837.0
2019-01-29 09:34:00,156.514,156.6332,156.4119,156.57,116346.0
2019-01-29 09:35:00,156.56,157.0,156.51,156.89,194136.0
2019-01-29 09:36:00,156.89,157.03,156.76,156.82,205137.0
2019-01-29 09:37:00,156.77,156.92,156.73,156.89,90031.0
2019-01-29 09:38:00,156.92,157.0,156.9,156.9308,107117.0
2019-01-29 09:39:00,156.87,156.87,156.67,156.79,84426.0
2019-01-29 09:40:00,156.83,156.84,156.67,156.72,79602.0
2019-01-29 09:41:00,156.66,156.7169,156.59,156.7,95571.0
2019-01-29 09:42:00,156.7088,156.85,156.7088,156.76,128438.0
2019-01-29 09:43:00,156.7202,157.02,156.71,157.0099,138811.0
2019-01-29 09:44:00,157.05,157.1,156.951,157.08,117819.0
2019-01-29 09:45:00,157.07,157.13,157.04,157.05,109602.0
2019-01-29 09:46:00,157.04,157.18,156.92,157.18,125995.0
2019-01-29 09:47:00,157.17,157.455,157.17,157.455,171663.0
2019-01-29 09:48:00,157.47,157.78,157.47,157.78,232255.0
2019-01-29 09:49:00,157.7901,158.05,157.775,157.91,290224.0
2019-01-29 09:50:00,157.905,158.1189,157.905,158.03,142309.0
2019-01-29 09:51:00,158.04,158.045,157.9,157.95,135486.0
2019-01-29 09:52:00,157.95,157.96,157.77,157.77,110720.0
2019-01-29 09:53:00,157.75,157.78,157.54,157.72,135339.0
2019-01-29 09:54:00,157.66,157.68,157.53,157.5646,106858.0
2019-01-29 09:55:00,157.53,157.53,157.35,157.42,105607.0
2019-01-29 09:56:00,157.4,157.52,157.4,157.52,115153.0
2019-01-29 09:57:00,157.501,157.65,157.501,157.65,74726.0
2019-01-29 09:58:00,157.6532,157.6532,157.2868,157.38,102941.0
2019-01-29 09:59:00,157.37,157.47,157.37,157.4,52640.0
2019-01-29 10:00:00,157.41,157.415,157.24,157.3247,0.0
2019-01-29 10:01:00,157.33,157.7,157.3246,157.67,120638.0
2019-01-29 10:02:00,157.675,157.87,157.6065,157.86,148859.0
2019-01-29 10:03:00,157.85,157.94,157.85,157.915,106119.0
2019-01-29 10:04:00,157.9136,157.98,157.69,157.7,143755.0
2019-01-29 10:05:00,157.7184,157.87,157.6711,157.8598,93572.0
2019-01-29 10:06:00,157.85,157.98,157.75,157.8039,111117.0
2019-01-29 10:07:00,157.8,157.8,157.32,157.36,206208.0
2019-01-29 10:08:00,157.361,157.361,156.87,157.05,204996.0
2019-01-29 10:09:00,157.045,157.3,157.034,157.16,155708.0
2019-01-29 10:10:00,157.17,157.17,157.17,157.17,78254.0
2019-01-29 10:11:00,157.12,157.21,157.03,157.1,76981.0
2019-01-29 10:12:00,157.1031,157.2,157.1,157.2,64619.0
2019-01-29 10:13:00,157.17,157.2599,157.06,157.07,63087.0
2019-01-29 10:14:00,157.0,157.0,157.0,157.0,87927.0
