date,SlowK,SlowD
2019-01-18 09:39,38.1464,43.0771
2019-01-18 09:40,33.2155,41.4875
2019-01-18 09:41,18.7671,30.043
2019-01-18 09:42,9.6893,20.5573
2019-01-18 09:43,14.0639,14.1734
2019-01-18 09:44,38.9036,20.8856
2019-01-18 09:45,62.5073,38.4916
2019-01-18 09:46,74.2372,58.5494
2019-01-18 09:47,73.5718,70.1054
2019-01-18 09:48,67.8434,71.8841
2019-01-18 09:49,62.0956,67.8369
2019-01-18 09:50,55.7719,61.9036
2019-01-18 09:51,57.4061,58.4245
2019-01-18 09:52,61.7274,58.3018
2019-01-18 09:53,68.7176,62.6171
2019-01-18 09:54,74.0816,68.1755
2019-01-18 09:55,79.1111,73.9701
2019-01-18 09:56,76.3664,76.5197
2019-01-18 09:57,49.8927,68.4568
2019-01-18 09:58,39.4314,55.2302
2019-01-18 09:59,33.335,40.8864
2019-01-18 10:00,50.7422,41.1696
2019-01-18 10:01,65.4605,49.8459
2019-01-18 10:02,67.6612,61.288
2019-01-18 10:03,56.9847,63.3688
2019-01-18 10:04,47.6258,57.4239
2019-01-18 10:05,53.1479,52.5861
2019-01-18 10:06,63.1911,54.6549
2019-01-18 10:07,69.8958,62.0783
2019-01-18 10:08,64.7908,65.9592
2019-01-18 10:09,63.5724,66.0863
2019-01-18 10:10,52.403,60.2554
2019-01-18 10:11,51.9581,55.9778
2019-01-18 10:12,39.2098,47.857
2019-01-18 10:13,40.9599,44.0426
2019-01-18 10:14,40.0685,40.0794
2019-01-18 10:15,56.1482,45.7255
2019-01-18 10:16,62.6145,52.9438
2019-01-18 10:17,68.6646,62.4758
2019-01-18 10:18,52.9205,61.3999
2019-01-18 10:19,51.7842,57.7897
2019-01-18 10:20,45.7796,50.1614
2019-01-18 10:21,68.3681,55.3106
2019-01-18 10:22,77.5818,63.9099
2019-01-18 10:23,89.8357,78.5952
2019-01-18 10:24,94.5711,87.3296
2019-01-18 10:25,95.1607,93.1892
2019-01-18 10:26,88.8376,92.8565
2019-01-18 10:27,82.4289,88.8091
2019-01-18 10:28,64.104,78.4568
2019-01-18 10:29,47.9312,64.8213
2019-01-18 10:30,46.7922,52.9424
2019-01-18 10:31,59.467,51.3968
2019-01-18 10:32,70.2149,58.8247
2019-01-18 10:33,65.7285,65.1368
2019-01-18 10:34,63.6866,66.5434
2019-01-18 10:35,71.683,67.0327
2019-01-18 10:36,63.7329,66.3675
2019-01-18 10:37,71.4249,68.9469
2019-01-18 10:38,75.9887,70.3822
2019-01-18 10:39,86.6159,78.0098
2019-01-18 10:40,71.232,77.9455
2019-01-18 10:41,62.5161,73.4547
2019-01-18 10:42,67.5672,67.1051
2019-01-18 10:43,73.1774,67.7536
2019-01-18 10:44,80.7464,73.8303
2019-01-18 10:45,83.3342,79.086
2019-01-18 10:46,90.3873,84.8226
2019-01-18 10:47,91.585,88.4355
2019-01-18 10:48,94.5675,92.1799
2019-01-18 10:49,90.1088,92.0871
2019-01-18 10:50,68.3307,84.3357
2019-01-18 10:51,38.2656,65.5684
2019-01-18 10:52,26.6951,44.4304
2019-01-18 10:53,42.3612,35.774
2019-01-18 10:54,69.5823,46.2129
2019-01-18 10:55,84.4483,65.464
2019-01-18 10:56,91.6833,81.9046
2019-01-18 10:57,93.2932,89.8083
2019-01-18 10:58,90.4146,91.7971
2019-01-18 10:59,85.6313,89.7797
2019-01-18 11:00,87.3553,87.8004
2019-01-18 11:01,91.2186,88.0684
2019-01-18 11:02,93.3137,90.6292
2019-01-18 11:03,89.3928,91.3084
2019-01-18 11:04,92.292,91.6662
2019-01-18 11:05,91.8419,91.1755
2019-01-18 11:06,90.1128,91.4155
2019-01-18 11:07,82.9231,88.2926
2019-01-18 11:08,78.6631,83.8997
2019-01-18 11:09,77.4512,79.6791
2019-01-18 11:10,75.3085,77.1409
2019-01-18 11:11,51.5099,68.0899
2019-01-18 11:12,28.7827,51.8671
2019-01-18 11:13,6.2968,28.8631
2019-01-18 11:14,7.027,14.0355
2019-01-18 11:15,6.6043,6.6427
2019-01-18 11:16,20.6446,11.4253
2019-01-18 11:17,39.5118,22.2536
2019-01-18 11:18,69.5237,43.2267
2019-01-18 11:19,74.2063,61.0806
2019-01-18 11:20,72.0236,71.9179
2019-01-18 11:21,58.9804,68.4035
2019-01-18 11:22,61.9318,64.312
2019-01-18 11:23,67.1023,62.6715
2019-01-18 11:24,77.3672,68.8005
2019-01-18 11:25,56.5575,67.009
2019-01-18 11:26,59.2491,64.3913
2019-01-18 11:27,36.6314,50.8126
2019-01-18 11:28,42.5859,46.1554
2019-01-18 11:29,24.6058,34.6077
2019-01-18 11:30,35.7166,34.3028
2019-01-18 11:31,42.8592,34.3939
2019-01-18 11:32,41.1932,39.923
2019-01-18 11:33,26.1449,36.7324
2019-01-18 11:34,29.3346,32.2242
2019-01-18 11:35,51.5561,35.6785
2019-01-18 11:36,79.8801,53.5903
2019-01-18 11:37,90.0016,73.8126
2019-01-18 11:38,92.5517,87.4778
2019-01-18 11:39,92.4778,91.677
2019-01-18 11:40,90.9628,91.9974
2019-01-18 11:41,84.6755,89.372
2019-01-18 11:42,69.0923,81.5769
2019-01-18 11:43,49.2257,67.6645
2019-01-18 11:44,24.0731,47.4637
2019-01-18 11:45,7.4065,26.9018
2019-01-18 11:46,7.8434,13.1077
2019-01-18 11:47,27.7014,14.3171
2019-01-18 11:48,43.6428,26.3959
2019-01-18 11:49,41.6816,37.6752
2019-01-18 11:50,28.7687,38.031
2019-01-18 11:51,12.8273,27.7592
2019-01-18 11:52,27.9712,23.1891
2019-01-18 11:53,43.4492,28.0826
2019-01-18 11:54,61.0972,44.1725
2019-01-18 11:55,52.4894,52.3453
2019-01-18 11:56,30.7204,48.1024
2019-01-18 11:57,39.6065,40.9388
2019-01-18 11:58,55.9763,42.1011
2019-01-18 11:59,86.0227,60.5351
2019-01-18 12:00,88.4358,76.8116
2019-01-18 12:01,92.981,89.1465
2019-01-18 12:02,95.6138,92.3436
2019-01-18 12:03,99.0746,95.8898
2019-01-18 12:04,93.1494,95.9459
2019-01-18 12:05,87.0202,93.0814
2019-01-18 12:06,66.2762,82.1486
2019-01-18 12:07,49.9791,67.7585
2019-01-18 12:08,31.7485,49.3346
2019-01-18 12:09,24.2513,35.3263
2019-01-18 12:10,16.8456,24.2818
2019-01-18 12:11,11.861,17.6526
2019-01-18 12:12,18.1114,15.606
2019-01-18 12:13,24.6615,18.2113
2019-01-18 12:14,38.6225,27.1318
2019-01-18 12:15,61.5388,41.6076
2019-01-18 12:16,76.8475,59.0029
2019-01-18 12:17,58.8976,65.7613
2019-01-18 12:18,29.8663,55.2038
2019-01-18 12:19,4.302,31.022
2019-01-18 12:20,4.5759,12.9147
2019-01-18 12:21,0.6619,3.1799
2019-01-18 12:22,13.6239,6.2872
2019-01-18 12:23,33.7213,16.0024
2019-01-18 12:24,43.138,30.1611
2019-01-18 12:25,45.8627,40.9073
2019-01-18 12:26,32.1581,40.3863
2019-01-18 12:27,25.8629,34.6279
2019-01-18 12:28,17.1192,25.0467
2019-01-18 12:29,24.3407,22.4409
2019-01-18 12:30,43.5574,28.3391
2019-01-18 12:31,69.9477,45.9486
2019-01-18 12:32,83.8362,65.7804
2019-01-18 12:33,86.9133,80.2324
2019-01-18 12:34,60.724,77.1578
2019-01-18 12:35,39.3578,62.3317
2019-01-18 12:36,19.9648,40.0156
2019-01-18 12:37,15.1201,24.8142
2019-01-18 12:38,13.5875,16.2241
2019-01-18 12:39,12.7319,13.8132
2019-01-18 12:40,10.4327,12.2507
2019-01-18 12:41,15.2779,12.8142
2019-01-18 12:42,14.2683,13.3263
2019-01-18 12:43,25.2509,18.2657
2019-01-18 12:44,15.5279,18.349
2019-01-18 12:45,16.5371,19.1053
2019-01-18 12:46,8.762,13.609
2019-01-18 12:47,16.2897,13.8629
2019-01-18 12:48,11.7151,12.2556
2019-01-18 12:49,13.84,13.9483
2019-01-18 12:50,20.598,15.3844
2019-01-18 12:51,24.0633,19.5004
2019-01-18 12:52,22.4352,22.3655
2019-01-18 12:53,14.8145,20.4376
2019-01-18 12:54,10.3694,15.873
2019-01-18 12:55,11.1087,12.0975
2019-01-18 12:56,10.3688,10.6156
2019-01-18 12:57,40.1951,20.5575
2019-01-18 12:58,60.4823,37.0154
2019-01-18 12:59,82.5138,61.0637
2019-01-18 13:00,78.4931,73.8298
2019-01-18 13:01,83.5421,81.5163
2019-01-18 13:02,88.9188,83.6513
2019-01-18 13:03,70.0579,80.8396
2019-01-18 13:04,43.9947,67.6571
2019-01-18 13:05,21.5813,45.2113
2019-01-18 13:06,18.2397,27.9386
2019-01-18 13:07,14.523,18.1147
2019-01-18 13:08,29.6894,20.8174
2019-01-18 13:09,45.134,29.7821
2019-01-18 13:10,55.2448,43.3561
2019-01-18 13:11,44.3247,48.2345
2019-01-18 13:12,29.7853,43.1183
2019-01-18 13:13,22.3905,32.1668
2019-01-18 13:14,7.2242,19.8
2019-01-18 13:15,16.9171,15.5106
2019-01-18 13:16,14.2011,12.7808
2019-01-18 13:17,24.4593,18.5258
2019-01-18 13:18,26.0524,21.5709
2019-01-18 13:19,44.0023,31.5047
2019-01-18 13:20,65.2713,45.1087
2019-01-18 13:21,82.8104,64.028
2019-01-18 13:22,77.669,75.2502
2019-01-18 13:23,59.4738,73.3177
2019-01-18 13:24,51.142,62.7616
2019-01-18 13:25,69.5848,60.0669
2019-01-18 13:26,72.6846,64.4705
2019-01-18 13:27,53.5652,65.2782
2019-01-18 13:28,33.0985,53.1161
2019-01-18 13:29,24.5101,37.0579
2019-01-18 13:30,25.4073,27.672
2019-01-18 13:31,20.7474,23.5549
2019-01-18 13:32,21.9944,22.7164
2019-01-18 13:33,25.821,22.8543
2019-01-18 13:34,32.0006,26.6053
2019-01-18 13:35,52.9119,36.9111
2019-01-18 13:36,75.6393,53.5172
2019-01-18 13:37,95.768,74.7731
2019-01-18 13:38,89.6978,87.035
2019-01-18 13:39,77.8697,87.7785
2019-01-18 13:40,69.2463,78.9379
2019-01-18 13:41,53.1596,66.7585
2019-01-18 13:42,31.6544,51.3535
2019-01-18 13:43,10.4764,31.7635
2019-01-18 13:44,8.0368,16.7226
2019-01-18 13:45,12.2977,10.2703
2019-01-18 13:46,24.1337,14.8227
2019-01-18 13:47,37.4783,24.6366
2019-01-18 13:48,55.2063,38.9395
2019-01-18 13:49,65.2093,52.6313
2019-01-18 13:50,73.9081,64.7746
2019-01-18 13:51,82.9514,74.0229
2019-01-18 13:52,80.631,79.1635
2019-01-18 13:53,69.849,77.8105
2019-01-18 13:54,47.589,66.023
2019-01-18 13:55,32.7899,50.076
2019-01-18 13:56,20.666,33.6817
2019-01-18 13:57,18.9126,24.1229
2019-01-18 13:58,19.7945,19.7911
2019-01-18 13:59,24.7389,21.1487
2019-01-18 14:00,25.9527,23.4954
2019-01-18 14:01,28.4634,26.385
2019-01-18 14:02,39.4561,31.2907
2019-01-18 14:03,45.5069,37.8088
2019-01-18 14:04,49.5796,44.8475
2019-01-18 14:05,43.9158,46.3341
2019-01-18 14:06,44.4482,45.9812
2019-01-18 14:07,62.9655,50.4432
2019-01-18 14:08,81.4827,62.9655
2019-01-18 14:09,90.4752,78.3078
2019-01-18 14:10,68.2567,80.0715
2019-01-18 14:11,49.7394,69.4904
2019-01-18 14:12,44.4482,54.1481
2019-01-18 14:13,58.3317,50.8398
2019-01-18 14:14,65.0847,55.9549
2019-01-18 14:15,79.9007,67.7724
2019-01-18 14:16,87.2261,77.4038
2019-01-18 14:17,98.9904,88.7057
2019-01-18 14:18,98.9904,95.069
2019-01-18 14:19,90.0493,96.0101
2019-01-18 14:20,66.3395,85.1264
2019-01-18 14:21,41.3624,65.9171
2019-01-18 14:22,43.8201,50.5074
2019-01-18 14:23,54.5557,46.5794
2019-01-18 14:24,69.8647,56.0802
2019-01-18 14:25,49.9708,58.1304
2019-01-18 14:26,44.5931,54.8095
2019-01-18 14:27,22.7396,39.1011
2019-01-18 14:28,16.7932,28.042
2019-01-18 14:29,6.9227,15.4852
2019-01-18 14:30,8.321,10.679
2019-01-18 14:31,10.5049,8.5829
2019-01-18 14:32,12.5217,10.4492
2019-01-18 14:33,19.2128,14.0798
2019-01-18 14:34,37.7772,23.1706
2019-01-18 14:35,36.8716,31.2872
2019-01-18 14:36,40.5601,38.403
2019-01-18 14:37,35.9223,37.7847
2019-01-18 14:38,43.8245,40.1023
2019-01-18 14:39,50.5741,43.4403
2019-01-18 14:40,67.7969,54.0651
2019-01-18 14:41,85.4546,67.9418
2019-01-18 14:42,86.5764,79.9426
2019-01-18 14:43,65.6809,79.2373
2019-01-18 14:44,52.6124,68.2899
2019-01-18 14:45,53.8459,57.3797
2019-01-18 14:46,58.8156,55.0913
2019-01-18 14:47,64.9193,59.1936
2019-01-18 14:48,70.9353,64.8901
2019-01-18 14:49,73.5923,69.8156
2019-01-18 14:50,63.9016,69.4764
2019-01-18 14:51,56.59,64.6946
2019-01-18 14:52,69.8588,63.4501
2019-01-18 14:53,84.2557,70.2348
2019-01-18 14:54,96.1902,83.4349
2019-01-18 14:55,86.2202,88.8887
2019-01-18 14:56,71.2357,84.5487
2019-01-18 14:57,38.8292,65.4284
2019-01-18 14:58,15.4659,41.8436
2019-01-18 14:59,3.149,19.148
2019-01-18 15:00,10.3514,9.6554
2019-01-18 15:01,20.7674,11.4226
2019-01-18 15:02,24.6058,18.5749
2019-01-18 15:03,18.4378,21.2703
2019-01-18 15:04,8.0218,17.0218
2019-01-18 15:05,4.5252,10.3283
2019-01-18 15:06,8.7646,7.1039
2019-01-18 15:07,28.7643,14.0181
2019-01-18 15:08,30.9612,22.83
2019-01-18 15:09,31.1187,30.2814
2019-01-18 15:10,16.0566,26.0455
2019-01-18 15:11,40.2813,29.1522
2019-01-18 15:12,65.5908,40.6429
2019-01-18 15:13,87.1686,64.3469
2019-01-18 15:14,82.501,78.4201
2019-01-18 15:15,80.8254,83.4983
2019-01-18 15:16,76.8458,80.0574
2019-01-18 15:17,72.9974,76.8895
2019-01-18 15:18,68.595,72.8127
2019-01-18 15:19,76.0609,72.5511
2019-01-18 15:20,85.4761,76.7107
2019-01-18 15:21,73.2204,78.2525
2019-01-18 15:22,51.2996,69.9987
2019-01-18 15:23,34.5465,53.0222
2019-01-18 15:24,29.2936,38.3799
2019-01-18 15:25,26.769,30.2031
2019-01-18 15:26,34.2397,30.1008
2019-01-18 15:27,59.4921,40.1669
2019-01-18 15:28,69.1922,54.308
2019-01-18 15:29,60.9371,63.2071
2019-01-18 15:30,30.6486,53.5926
2019-01-18 15:31,35.1803,42.2553
2019-01-18 15:32,44.1425,36.6572
2019-01-18 15:33,68.2106,49.1778
2019-01-18 15:34,54.8034,55.7189
2019-01-18 15:35,48.7137,57.2426
2019-01-18 15:36,39.8653,47.7941
2019-01-18 15:37,66.8176,51.7989
2019-01-18 15:38,83.7824,63.4884
2019-01-18 15:39,92.1832,80.9277
2019-01-18 15:40,90.4289,88.7982
2019-01-18 15:41,90.2451,90.9524
2019-01-18 15:42,87.8226,89.4989
2019-01-18 15:43,89.5769,89.2149
2019-01-18 15:44,87.8809,88.4268
2019-01-18 15:45,93.4001,90.286
2019-01-18 15:46,73.704,84.995
2019-01-18 15:47,65.2392,77.4478
2019-01-18 15:48,55.7364,64.8932
2019-01-18 15:49,60.2809,60.4188
2019-01-18 15:50,52.583,56.2001
2019-01-18 15:51,50.5056,54.4565
2019-01-18 15:52,40.084,47.7242
2019-01-18 15:53,39.2622,43.2839
2019-01-18 15:54,42.2814,40.5425
2019-01-18 15:55,65.8203,49.1213
2019-01-18 15:56,81.7839,63.2952
2019-01-18 15:57,84.1469,77.2504
2019-01-18 15:58,82.6097,82.8468
2019-01-18 15:59,86.6593,84.472
2019-01-18 16:00,88.0945,85.7878
2019-01-22 09:31,75.7491,83.501
2019-01-22 09:32,66.9527,76.9321
2019-01-22 09:33,66.9535,69.8851
2019-01-22 09:34,73.6108,69.1723
2019-01-22 09:35,62.4726,67.679
2019-01-22 09:36,69.8209,68.6348
2019-01-22 09:37,79.0802,70.4579
2019-01-22 09:38,92.9662,80.6225
2019-01-22 09:39,89.4808,87.1758
2019-01-22 09:40,88.0224,90.1565
2019-01-22 09:41,81.2506,86.2513
2019-01-22 09:42,52.3878,73.8869
2019-01-22 09:43,23.5431,52.3938
2019-01-22 09:44,20.7071,32.2127
2019-01-22 09:45,39.6564,27.9689
2019-01-22 09:46,56.3227,38.8954
2019-01-22 09:47,57.8347,51.2713
2019-01-22 09:48,43.0529,52.4034
2019-01-22 09:49,32.0813,44.323
2019-01-22 09:50,15.2178,30.1173
2019-01-22 09:51,11.0503,19.4498
2019-01-22 09:52,11.5212,12.5964
2019-01-22 09:53,18.8729,13.8148
2019-01-22 09:54,25.7514,18.7152
2019-01-22 09:55,35.4081,26.6774
2019-01-22 09:56,49.9738,37.0444
2019-01-22 09:57,76.4286,53.9368
2019-01-22 09:58,83.354,69.9188
2019-01-22 09:59,91.1869,83.6565
2019-01-22 10:00,87.4158,87.3189
2019-01-22 10:01,88.0269,88.8765
2019-01-22 10:02,89.2845,88.2424
2019-01-22 10:03,82.136,86.4825
2019-01-22 10:04,83.0694,84.83
2019-01-22 10:05,83.0694,82.7582
2019-01-22 10:06,86.166,84.1016
2019-01-22 10:07,75.7116,81.649
2019-01-22 10:08,52.7922,71.5566
2019-01-22 10:09,29.501,52.6683
2019-01-22 10:10,21.6808,34.658
2019-01-22 10:11,35.7116,28.9645
2019-01-22 10:12,65.2867,40.893
2019-01-22 10:13,73.1402,58.0462
2019-01-22 10:14,58.1153,65.5141
2019-01-22 10:15,26.3212,52.5256
2019-01-22 10:16,9.8077,31.4147
2019-01-22 10:17,5.825,13.9846
2019-01-22 10:18,11.0732,8.902
2019-01-22 10:19,17.0578,11.3187
2019-01-22 10:20,26.2039,18.1116
2019-01-22 10:21,52.2891,31.8502
2019-01-22 10:22,71.9774,50.1568
2019-01-22 10:23,88.3107,70.8591
2019-01-22 10:24,81.8602,80.7161
2019-01-22 10:25,68.5265,79.5658
2019-01-22 10:26,70.9432,73.7766
2019-01-22 10:27,68.9361,69.4686
2019-01-22 10:28,61.5685,67.1493
2019-01-22 10:29,32.4771,54.3273
2019-01-22 10:30,13.2375,35.7611
2019-01-22 10:31,16.9686,20.8944
2019-01-22 10:32,23.2193,17.8085
2019-01-22 10:33,22.2633,20.8171
2019-01-22 10:34,20.9812,22.1546
2019-01-22 10:35,25.9491,23.0646
2019-01-22 10:36,26.2196,24.3833
2019-01-22 10:37,19.4878,23.8855
2019-01-22 10:38,17.3617,21.023
2019-01-22 10:39,37.0304,24.6266
2019-01-22 10:40,63.3834,39.2585
2019-01-22 10:41,73.8583,58.0907
2019-01-22 10:42,65.7692,67.6703
2019-01-22 10:43,53.1544,64.2607
2019-01-22 10:44,57.344,58.7559
2019-01-22 10:45,65.0346,58.511
2019-01-22 10:46,83.5532,68.6439
2019-01-22 10:47,84.4433,77.677
2019-01-22 10:48,77.0371,81.6779
2019-01-22 10:49,62.5931,74.6912
2019-01-22 10:50,59.6304,66.4202
2019-01-22 10:51,78.1491,66.7909
2019-01-22 10:52,79.8276,72.5357
2019-01-22 10:53,65.9589,74.6452
2019-01-22 10:54,32.6256,59.4707
2019-01-22 10:55,14.513,37.6992
2019-01-22 10:56,2.4554,16.5313
2019-01-22 10:57,3.3096,6.7593
2019-01-22 10:58,0.8542,2.2064
2019-01-22 10:59,2.314,2.1593
2019-01-22 11:00,5.4596,2.8759
2019-01-22 11:01,12.1013,6.625
2019-01-22 11:02,18.3929,11.9846
2019-01-22 11:03,19.023,16.5058
2019-01-22 11:04,17.7981,18.4047
2019-01-22 11:05,19.39,18.7371
2019-01-22 11:06,38.9279,25.372
2019-01-22 11:07,63.1408,40.4862
2019-01-22 11:08,79.261,60.4433
2019-01-22 11:09,55.0933,65.8317
2019-01-22 11:10,26.3421,53.5655
2019-01-22 11:11,11.3124,30.9159
2019-01-22 11:12,30.9529,22.8691
2019-01-22 11:13,48.8241,30.3631
2019-01-22 11:14,60.0119,46.5963
2019-01-22 11:15,44.012,50.9494
2019-01-22 11:16,54.2093,52.7444
2019-01-22 11:17,65.9211,54.7142
2019-01-22 11:18,95.0842,71.7382
2019-01-22 11:19,99.4704,86.8252
2019-01-22 11:20,94.7086,96.4211
2019-01-22 11:21,91.5345,95.2378
2019-01-22 11:22,81.813,89.352
2019-01-22 11:23,78.9366,84.0947
2019-01-22 11:24,53.6547,71.4681
2019-01-22 11:25,39.1165,57.2359
2019-01-22 11:26,25.0894,39.2869
2019-01-22 11:27,44.2704,36.1588
2019-01-22 11:28,50.1964,39.8521
2019-01-22 11:29,58.5278,50.9982
2019-01-22 11:30,41.5229,50.0824
2019-01-22 11:31,45.5572,48.536
2019-01-22 11:32,58.8911,48.6571
2019-01-22 11:33,83.6599,62.7027
2019-01-22 11:34,81.6252,74.7254
2019-01-22 11:35,48.2918,71.1923
2019-01-22 11:36,25.8462,51.9211
2019-01-22 11:37,16.0383,30.0588
2019-01-22 11:38,21.8666,21.2504
2019-01-22 11:39,39.9647,25.9565
2019-01-22 11:40,59.7184,40.5166
2019-01-22 11:41,55.9092,51.8641
2019-01-22 11:42,34.0134,49.8803
2019-01-22 11:43,8.7768,32.8998
2019-01-22 11:44,14.898,19.2294
2019-01-22 11:45,9.9257,11.2002
2019-01-22 11:46,8.5274,11.117
2019-01-22 11:47,0.9084,6.4538
2019-01-22 11:48,5.2956,4.9105
2019-01-22 11:49,15.5392,7.2477
2019-01-22 11:50,28.7859,16.5402
2019-01-22 11:51,47.9321,30.7524
2019-01-22 11:52,49.8776,42.1986
2019-01-22 11:53,39.813,45.8743
2019-01-22 11:54,33.4863,41.059
2019-01-22 11:55,40.9883,38.0959
2019-01-22 11:56,51.3877,41.9541
2019-01-22 11:57,61.089,51.155
2019-01-22 11:58,46.6528,53.0432
2019-01-22 11:59,33.3361,47.026
2019-01-22 12:00,9.3811,29.79
2019-01-22 12:01,7.7375,16.8182
2019-01-22 12:02,20.7459,12.6215
2019-01-22 12:03,29.2542,19.2459
2019-01-22 12:04,58.6661,36.2221
2019-01-22 12:05,78.2049,55.3751
2019-01-22 12:06,83.9077,73.5929
2019-01-22 12:07,80.4595,80.8574
2019-01-22 12:08,78.9777,81.115
2019-01-22 12:09,93.1648,84.2007
2019-01-22 12:10,95.6598,89.2674
2019-01-22 12:11,91.4276,93.4174
2019-01-22 12:12,82.6189,89.9021
2019-01-22 12:13,50.2388,74.7618
2019-01-22 12:14,22.8277,51.8951
2019-01-22 12:15,1.4042,24.8236
2019-01-22 12:16,2.2704,8.8341
2019-01-22 12:17,15.5886,6.4211
2019-01-22 12:18,45.4006,21.0865
2019-01-22 12:19,76.6806,45.8899
2019-01-22 12:20,87.855,69.9787
2019-01-22 12:21,75.3726,79.9694
2019-01-22 12:22,53.4342,72.2206
2019-01-22 12:23,41.6637,56.8235
2019-01-22 12:24,37.8672,44.3217
2019-01-22 12:25,55.8647,45.1319
2019-01-22 12:26,47.4818,47.0712
2019-01-22 12:27,44.8903,49.4123
2019-01-22 12:28,19.2499,37.2073
2019-01-22 12:29,14.7023,26.2808
2019-01-22 12:30,2.5647,12.1723
2019-01-22 12:31,1.2581,6.175
2019-01-22 12:32,8.4752,4.0993
2019-01-22 12:33,15.975,8.5694
2019-01-22 12:34,32.3096,18.9199
2019-01-22 12:35,29.8545,26.0464
2019-01-22 12:36,28.6043,30.2561
2019-01-22 12:37,38.7882,32.4157
2019-01-22 12:38,61.803,43.0652
2019-01-22 12:39,80.1913,60.2609
2019-01-22 12:40,58.2108,66.7351
2019-01-22 12:41,40.9599,59.7873
2019-01-22 12:42,47.9019,49.0242
2019-01-22 12:43,67.8628,52.2415
2019-01-22 12:44,88.7837,68.1828
2019-01-22 12:45,79.7759,78.8075
2019-01-22 12:46,75.9143,81.4913
2019-01-22 12:47,44.4677,66.7193
2019-01-22 12:48,34.23,51.5373
2019-01-22 12:49,15.4186,31.3721
2019-01-22 12:50,37.6431,29.0973
2019-01-22 12:51,31.5293,28.197
2019-01-22 12:52,61.7785,43.6503
2019-01-22 12:53,68.1233,53.8104
2019-01-22 12:54,90.234,73.3786
2019-01-22 12:55,65.234,74.5304
2019-01-22 12:56,36.6646,64.0442
2019-01-22 12:57,11.4635,37.7874
2019-01-22 12:58,3.1302,17.0861
2019-01-22 12:59,9.0745,7.8894
2019-01-22 13:00,10.1107,7.4384
2019-01-22 13:01,10.1107,9.7653
2019-01-22 13:02,4.7509,8.3241
2019-01-22 13:03,0.5845,5.1487
2019-01-22 13:04,1.3082,2.2145
2019-01-22 13:05,7.0134,2.9687
2019-01-22 13:06,21.2986,9.8734
2019-01-22 13:07,26.1309,18.1476
2019-01-22 13:08,19.8412,22.4235
2019-01-22 13:09,7.2508,17.7409
2019-01-22 13:10,2.1989,9.7636
2019-01-22 13:11,16.6138,8.6878
2019-01-22 13:12,27.0396,15.2841
2019-01-22 13:13,39.9307,27.8614
2019-01-22 13:14,39.1515,35.3739
2019-01-22 13:15,45.6974,41.5932
2019-01-22 13:16,56.736,47.195
2019-01-22 13:17,66.1776,56.2037
2019-01-22 13:18,56.0585,59.6574
2019-01-22 13:19,31.6249,51.287
2019-01-22 13:20,10.5883,32.7572
2019-01-22 13:21,17.0066,19.7399
2019-01-22 13:22,46.9217,24.8389
2019-01-22 13:23,71.2696,45.066
2019-01-22 13:24,79.9151,66.0355
2019-01-22 13:25,58.3339,69.8395
2019-01-22 13:26,50.7488,62.9993
2019-01-22 13:27,36.684,48.5889
2019-01-22 13:28,58.9518,48.7948
2019-01-22 13:29,63.2007,52.9455
2019-01-22 13:30,76.6306,66.261
2019-01-22 13:31,63.3629,67.7314
2019-01-22 13:32,66.9767,68.99
2019-01-22 13:33,62.334,64.2245
2019-01-22 13:34,56.6655,61.992
2019-01-22 13:35,39.999,52.9995
2019-01-22 13:36,27.2232,41.2959
2019-01-22 13:37,24.8171,30.6797
2019-01-22 13:38,38.6284,30.2229
2019-01-22 13:39,65.1455,42.8637
2019-01-22 13:40,87.4661,63.7467
2019-01-22 13:41,96.9883,83.2
2019-01-22 13:42,79.4062,87.9535
2019-01-22 13:43,56.2959,77.5635
2019-01-22 13:44,26.2964,53.9995
2019-01-22 13:45,15.6864,32.7596
2019-01-22 13:46,14.6238,18.8689
2019-01-22 13:47,23.5691,17.9598
2019-01-22 13:48,46.8972,28.3634
2019-01-22 13:49,66.7632,45.7432
2019-01-22 13:50,81.757,65.1391
2019-01-22 13:51,84.9314,77.8172
2019-01-22 13:52,73.6598,80.1161
2019-01-22 13:53,51.3866,69.9926
2019-01-22 13:54,29.9748,51.6737
2019-01-22 13:55,22.9469,34.7694
2019-01-22 13:56,37.1775,30.0331
2019-01-22 13:57,50.9301,37.0182
2019-01-22 13:58,51.4263,46.5113
2019-01-22 13:59,40.1336,47.4967
2019-01-22 14:00,25.3451,38.9683
2019-01-22 14:01,44.9751,36.818
2019-01-22 14:02,51.324,40.5481
2019-01-22 14:03,43.3863,46.5618
2019-01-22 14:04,14.2866,36.3323
2019-01-22 14:05,0.0,19.2243
2019-01-22 14:06,20.3713,11.5526
2019-01-22 14:07,29.6287,16.6667
2019-01-22 14:08,33.7951,27.9317
2019-01-22 14:09,14.5726,25.9988
2019-01-22 14:10,5.3152,17.8943
2019-01-22 14:11,3.6488,7.8455
2019-01-22 14:12,7.6292,5.5311
2019-01-22 14:13,8.7414,6.6731
2019-01-22 14:14,16.387,10.9192
2019-01-22 14:15,44.591,23.2398
2019-01-22 14:16,66.8655,42.6145
2019-01-22 14:17,84.0535,65.17
2019-01-22 14:18,72.054,74.3244
2019-01-22 14:19,48.6674,68.2583
2019-01-22 14:20,34.033,51.5848
2019-01-22 14:21,32.2397,38.3134
2019-01-22 14:22,48.3319,38.2016
2019-01-22 14:23,50.5762,43.7159
2019-01-22 14:24,32.2273,43.7118
2019-01-22 14:25,29.8393,37.5476
2019-01-22 14:26,31.5262,31.1976
2019-01-22 14:27,53.5217,38.2957
2019-01-22 14:28,57.2786,47.4422
2019-01-22 14:29,53.3475,54.7159
2019-01-22 14:30,46.8283,52.4848
2019-01-22 14:31,62.7005,54.2921
2019-01-22 14:32,81.3749,63.6346
2019-01-22 14:33,95.0104,79.6953
2019-01-22 14:34,93.5286,89.9713
2019-01-22 14:35,77.2045,88.5812
2019-01-22 14:36,50.5492,73.7607
2019-01-22 14:37,19.1676,48.9738
2019-01-22 14:38,4.1181,24.6116
2019-01-22 14:39,3.9574,9.081
2019-01-22 14:40,14.3712,7.4822
2019-01-22 14:41,33.4775,17.2687
2019-01-22 14:42,38.323,28.7239
2019-01-22 14:43,38.4849,36.7618
2019-01-22 14:44,19.3786,32.0622
2019-01-22 14:45,14.4938,24.1191
2019-01-22 14:46,13.8645,15.9123
2019-01-22 14:47,26.8273,18.3952
2019-01-22 14:48,25.5174,22.0697
2019-01-22 14:49,19.3872,23.9106
2019-01-22 14:50,10.9053,18.6033
2019-01-22 14:51,27.8313,19.3746
2019-01-22 14:52,42.0633,26.9333
2019-01-22 14:53,66.4046,45.433
2019-01-22 14:54,75.4805,61.3161
2019-01-22 14:55,82.943,74.9427
2019-01-22 14:56,74.1049,77.5094
2019-01-22 14:57,45.9648,67.6709
2019-01-22 14:58,32.7113,50.927
2019-01-22 14:59,19.393,32.6897
2019-01-22 15:00,25.3457,25.8167
2019-01-22 15:01,17.91,20.8829
2019-01-22 15:02,30.9116,24.7224
2019-01-22 15:03,30.841,26.5542
2019-01-22 15:04,47.5173,36.4233
2019-01-22 15:05,36.3863,38.2482
2019-01-22 15:06,39.0406,40.9814
2019-01-22 15:07,25.1808,33.5359
2019-01-22 15:08,22.7839,29.0018
2019-01-22 15:09,21.9997,23.3215
2019-01-22 15:10,26.273,23.6856
2019-01-22 15:11,27.0295,25.1008
2019-01-22 15:12,52.6106,35.3044
2019-01-22 15:13,73.5627,51.0676
2019-01-22 15:14,97.143,74.4388
2019-01-22 15:15,86.4534,85.7197
2019-01-22 15:16,73.81,85.8022
2019-01-22 15:17,65.7843,75.3492
2019-01-22 15:18,70.1626,69.919
2019-01-22 15:19,73.2831,69.7433
2019-01-22 15:20,70.5614,71.3357
2019-01-22 15:21,52.6304,65.4916
2019-01-22 15:22,60.3024,61.1647
2019-01-22 15:23,73.9069,62.2799
2019-01-22 15:24,92.8862,75.6985
2019-01-22 15:25,91.9007,86.2313
2019-01-22 15:26,90.0895,91.6255
2019-01-22 15:27,95.3524,92.4476
2019-01-22 15:28,80.7979,88.7466
2019-01-22 15:29,81.7307,85.9603
2019-01-22 15:30,69.7896,77.4394
2019-01-22 15:31,67.2792,72.9332
2019-01-22 15:32,36.5327,57.8672
2019-01-22 15:33,17.0791,40.297
2019-01-22 15:34,4.8819,19.4979
2019-01-22 15:35,5.3048,9.0886
2019-01-22 15:36,24.0641,11.4169
2019-01-22 15:37,34.9906,21.4531
2019-01-22 15:38,53.3051,37.4532
2019-01-22 15:39,65.0673,51.121
2019-01-22 15:40,86.2393,68.2039
2019-01-22 15:41,92.0682,81.1249
2019-01-22 15:42,91.8425,90.05
2019-01-22 15:43,88.5095,90.8067
2019-01-22 15:44,84.1255,88.1592
2019-01-22 15:45,64.7123,79.1158
2019-01-22 15:46,37.1281,61.9886
2019-01-22 15:47,24.4474,42.0959
2019-01-22 15:48,21.7141,27.7632
2019-01-22 15:49,26.8743,24.3453
2019-01-22 15:50,21.9663,23.5182
2019-01-22 15:51,11.8782,20.2396
2019-01-22 15:52,10.5581,14.8009
2019-01-22 15:53,9.9354,10.7906
2019-01-22 15:54,23.2691,14.5875
2019-01-22 15:55,31.6797,21.6281
2019-01-22 15:56,32.0002,28.983
2019-01-22 15:57,25.6096,29.7632
2019-01-22 15:58,28.9977,28.8692
2019-01-22 15:59,55.3539,36.6538
2019-01-22 16:00,81.7442,55.3653
2019-01-23 09:31,79.4092,72.1691
2019-01-23 09:32,56.5555,72.5696
2019-01-23 09:33,26.5129,54.1592
2019-01-23 09:34,12.8443,31.9709
2019-01-23 09:35,6.1318,15.163
2019-01-23 09:36,8.9282,9.3015
2019-01-23 09:37,11.4746,8.8449
2019-01-23 09:38,10.9932,10.4653
2019-01-23 09:39,15.7496,12.7391
2019-01-23 09:40,16.1721,14.3049
2019-01-23 09:41,31.8813,21.2676
2019-01-23 09:42,40.3716,29.475
2019-01-23 09:43,65.9072,46.0534
2019-01-23 09:44,78.9412,61.74
2019-01-23 09:45,77.2123,74.0202
2019-01-23 09:46,64.5228,73.5588
2019-01-23 09:47,39.5947,60.4433
2019-01-23 09:48,22.5414,42.2196
2019-01-23 09:49,16.1416,26.0926
2019-01-23 09:50,28.2577,22.3136
2019-01-23 09:51,52.9941,32.4645
2019-01-23 09:52,43.4223,41.558
2019-01-23 09:53,48.5503,48.3222
2019-01-23 09:54,31.8098,41.2608
2019-01-23 09:55,38.7199,39.6933
2019-01-23 09:56,30.6859,33.7385
2019-01-23 09:57,53.0327,40.8128
2019-01-23 09:58,55.2117,46.3101
2019-01-23 09:59,59.2695,55.838
2019-01-23 10:00,31.4792,48.6535
2019-01-23 10:01,24.9024,38.5504
2019-01-23 10:02,38.8237,31.7351
2019-01-23 10:03,64.8313,42.8525
2019-01-23 10:04,80.563,61.406
2019-01-23 10:05,69.3889,71.5944
2019-01-23 10:06,43.3775,64.4431
2019-01-23 10:07,23.7369,45.5011
2019-01-23 10:08,7.666,24.9268
2019-01-23 10:09,7.2327,12.8785
2019-01-23 10:10,19.4067,11.4352
2019-01-23 10:11,36.6158,21.0851
2019-01-23 10:12,49.3107,35.1111
2019-01-23 10:13,50.3957,45.4408
2019-01-23 10:14,46.58,48.7622
2019-01-23 10:15,31.2181,42.7313
2019-01-23 10:16,22.4927,33.4303
2019-01-23 10:17,5.0316,19.5808
2019-01-23 10:18,12.1742,13.2328
2019-01-23 10:19,7.844,8.3499
2019-01-23 10:20,7.844,9.2874
2019-01-23 10:21,3.9425,6.5435
2019-01-23 10:22,15.0228,8.9364
2019-01-23 10:23,28.2463,15.7372
2019-01-23 10:24,26.122,23.1303
2019-01-23 10:25,26.6208,26.9964
2019-01-23 10:26,26.5639,26.4356
2019-01-23 10:27,43.8981,32.3609
2019-01-23 10:28,59.9499,43.4706
2019-01-23 10:29,80.1167,61.3216
2019-01-23 10:30,94.8377,78.3015
2019-01-23 10:31,85.5538,86.8361
2019-01-23 10:32,85.5538,88.6485
2019-01-23 10:33,83.897,85.0015
2019-01-23 10:34,98.1819,89.2109
2019-01-23 10:35,90.8759,90.9849
2019-01-23 10:36,89.1046,92.7208
2019-01-23 10:37,73.8252,84.6019
2019-01-23 10:38,74.4282,79.1193
2019-01-23 10:39,71.5172,73.2568
2019-01-23 10:40,73.0281,72.9912
2019-01-23 10:41,47.4725,64.0059
2019-01-23 10:42,24.2352,48.2452
2019-01-23 10:43,4.6704,25.4593
2019-01-23 10:44,6.7026,11.8694
2019-01-23 10:45,6.1845,5.8525
2019-01-23 10:46,13.3599,8.749
2019-01-23 10:47,22.3282,13.9575
2019-01-23 10:48,24.023,19.9037
2019-01-23 10:49,30.2886,25.5466
2019-01-23 10:50,18.2133,24.1749
2019-01-23 10:51,34.2746,27.5922
2019-01-23 10:52,24.1665,25.5514
2019-01-23 10:53,28.6101,29.0171
2019-01-23 10:54,21.1091,24.6286
2019-01-23 10:55,43.3311,31.0168
2019-01-23 10:56,71.1086,45.183
2019-01-23 10:57,78.3636,64.2678
2019-01-23 10:58,58.1953,69.2225
2019-01-23 10:59,58.0736,64.8775
2019-01-23 11:00,70.8194,62.3628
2019-01-23 11:01,95.258,74.717
2019-01-23 11:02,89.4742,85.1839
2019-01-23 11:03,72.8076,85.8466
2019-01-23 11:04,63.6331,75.305
2019-01-23 11:05,65.0941,67.1782
2019-01-23 11:06,73.4258,67.3843
2019-01-23 11:07,65.2743,67.9314
2019-01-23 11:08,52.7751,63.8251
2019-01-23 11:09,32.2043,50.0846
2019-01-23 11:10,26.3707,37.1167
2019-01-23 11:11,22.8576,27.1442
2019-01-23 11:12,37.1162,28.7815
2019-01-23 11:13,57.9677,39.3138
2019-01-23 11:14,54.5348,49.8729
2019-01-23 11:15,44.7375,52.4133
2019-01-23 11:16,31.6653,43.6459
2019-01-23 11:17,25.2206,33.8745
2019-01-23 11:18,18.8278,25.2379
2019-01-23 11:19,8.1469,17.3984
2019-01-23 11:20,16.2599,14.4115
2019-01-23 11:21,24.3025,16.2364
2019-01-23 11:22,53.872,31.4781
2019-01-23 11:23,67.0203,48.3983
2019-01-23 11:24,75.9251,65.6058
2019-01-23 11:25,45.8951,62.9468
2019-01-23 11:26,34.8684,52.2295
2019-01-23 11:27,29.0605,36.608
2019-01-23 11:28,39.081,34.3366
2019-01-23 11:29,51.6599,39.9338
2019-01-23 11:30,63.0251,51.2554
2019-01-23 11:31,77.4793,64.0548
2019-01-23 11:32,77.2785,72.5943
2019-01-23 11:33,85.6109,80.1229
2019-01-23 11:34,85.2402,82.7099
2019-01-23 11:35,88.5185,86.4565
2019-01-23 11:36,80.1846,84.6478
2019-01-23 11:37,74.3463,81.0165
2019-01-23 11:38,52.1235,68.8848
2019-01-23 11:39,43.1235,56.5311
2019-01-23 11:40,45.1663,46.8044
2019-01-23 11:41,71.191,53.1602
2019-01-23 11:42,88.113,68.1568
2019-01-23 11:43,88.3106,82.5382
2019-01-23 11:44,90.0641,88.8292
2019-01-23 11:45,84.4672,87.614
2019-01-23 11:46,83.1807,85.904
2019-01-23 11:47,49.8473,72.4984
2019-01-23 11:48,25.8564,52.9614
2019-01-23 11:49,3.3335,26.3457
2019-01-23 11:50,3.3335,10.8411
2019-01-23 11:51,9.6159,5.4277
2019-01-23 11:52,40.0502,17.6665
2019-01-23 11:53,73.3835,41.0165
2019-01-23 11:54,66.2923,59.9087
2019-01-23 11:55,39.9519,59.8759
2019-01-23 11:56,9.144,38.4627
2019-01-23 11:57,15.7098,21.6019
2019-01-23 11:58,16.0604,13.6381
2019-01-23 11:59,18.0802,16.6168
2019-01-23 12:00,28.1818,20.7741
2019-01-23 12:01,53.0309,33.0977
2019-01-23 12:02,79.7984,53.6704
2019-01-23 12:03,91.7903,74.8732
2019-01-23 12:04,89.2578,86.9488
2019-01-23 12:05,88.3792,89.8091
2019-01-23 12:06,64.9906,80.8759
2019-01-23 12:07,63.2289,72.1996
2019-01-23 12:08,34.4605,54.2267
2019-01-23 12:09,28.6651,42.1182
2019-01-23 12:10,11.8296,24.9851
2019-01-23 12:11,21.7292,20.7413
2019-01-23 12:12,27.368,20.3089
2019-01-23 12:13,31.9493,27.0155
2019-01-23 12:14,40.1663,33.1612
2019-01-23 12:15,55.7147,42.6101
2019-01-23 12:16,44.1545,46.6785
2019-01-23 12:17,26.2772,42.0488
2019-01-23 12:18,21.1852,30.5389
2019-01-23 12:19,27.6194,25.0272
2019-01-23 12:20,30.3113,26.3719
2019-01-23 12:21,22.6332,26.8546
2019-01-23 12:22,42.0978,31.6808
2019-01-23 12:23,56.5007,40.4106
2019-01-23 12:24,75.969,58.1892
2019-01-23 12:25,82.2186,71.5628
2019-01-23 12:26,90.8378,83.0084
2019-01-23 12:27,85.2761,86.1108
2019-01-23 12:28,74.4656,83.5265
2019-01-23 12:29,66.6667,75.4695
2019-01-23 12:30,63.0636,68.0653
2019-01-23 12:31,73.8741,67.8681
2019-01-23 12:32,87.3873,74.775
2019-01-23 12:33,87.7778,83.0131
2019-01-23 12:34,63.065,79.41
2019-01-23 12:35,30.8805,60.5745
2019-01-23 12:36,13.5783,35.8413
2019-01-23 12:37,6.4766,16.9785
2019-01-23 12:38,24.825,14.96
2019-01-23 12:39,39.1524,23.4847
2019-01-23 12:40,51.9706,38.6493
2019-01-23 12:41,45.5427,45.5552
2019-01-23 12:42,40.4758,45.9964
2019-01-23 12:43,36.2827,40.7671
2019-01-23 12:44,36.9404,37.8996
2019-01-23 12:45,42.623,38.6154
2019-01-23 12:46,65.8124,48.4586
2019-01-23 12:47,80.8734,63.1029
2019-01-23 12:48,91.2887,79.3248
2019-01-23 12:49,85.6861,85.9494
2019-01-23 12:50,78.0364,85.0037
2019-01-23 12:51,58.2034,73.9753
2019-01-23 12:52,42.4742,59.5713
2019-01-23 12:53,34.67,45.1159
2019-01-23 12:54,49.7788,42.3077
2019-01-23 12:55,44.8091,43.086
2019-01-23 12:56,43.3787,45.9889
2019-01-23 12:57,27.268,38.4853
2019-01-23 12:58,45.6167,38.7545
2019-01-23 12:59,65.6581,46.181
2019-01-23 13:00,63.1455,58.1401
2019-01-23 13:01,37.7649,55.5228
2019-01-23 13:02,5.8198,35.5767
2019-01-23 13:03,1.1907,14.9251
2019-01-23 13:04,2.8573,3.2893
2019-01-23 13:05,8.1609,4.0696
2019-01-23 13:06,6.9701,5.9961
2019-01-23 13:07,30.3036,15.1449
2019-01-23 13:08,47.2852,28.1863
2019-01-23 13:09,80.6185,52.7358
2019-01-23 13:10,88.9519,72.2852
2019-01-23 13:11,93.3097,87.6267
2019-01-23 13:12,76.998,86.4199
2019-01-23 13:13,59.1686,76.4921
2019-01-23 13:14,49.1819,61.7828
2019-01-23 13:15,32.1602,46.8369
2019-01-23 13:16,33.323,38.2217
2019-01-23 13:17,50.0,38.4944
2019-01-23 13:18,83.3333,55.5521
2019-01-23 13:19,90.5803,74.6379
2019-01-23 13:20,74.2838,82.7325
2019-01-23 13:21,51.4766,72.1136
2019-01-23 13:22,28.2047,51.3217
2019-01-23 13:23,15.0139,31.5651
2019-01-23 13:24,8.4072,17.2086
2019-01-23 13:25,10.1488,11.19
2019-01-23 13:26,18.2083,12.2548
2019-01-23 13:27,17.1833,15.1802
2019-01-23 13:28,23.8266,19.7394
2019-01-23 13:29,16.4663,19.1587
2019-01-23 13:30,13.5718,17.9549
2019-01-23 13:31,13.7825,14.6069
2019-01-23 13:32,36.7488,21.3677
2019-01-23 13:33,63.7593,38.0969
2019-01-23 13:34,80.6296,60.3793
2019-01-23 13:35,75.1592,73.1827
2019-01-23 13:36,62.9636,72.9175
2019-01-23 13:37,46.93,61.6843
2019-01-23 13:38,26.2078,45.3671
2019-01-23 13:39,14.7258,29.2879
2019-01-23 13:40,4.6517,15.1951
2019-01-23 13:41,3.3328,7.5701
2019-01-23 13:42,1.9605,3.315
2019-01-23 13:43,3.1808,2.8247
2019-01-23 13:44,3.1808,2.7741
2019-01-23 13:45,18.7277,8.3631
2019-01-23 13:46,43.059,21.6558
2019-01-23 13:47,71.2052,44.3306
2019-01-23 13:48,85.7349,66.6664
2019-01-23 13:49,91.3672,82.7691
2019-01-23 13:50,71.65,82.9174
2019-01-23 13:51,41.1849,68.0674
2019-01-23 13:52,11.4517,41.4289
2019-01-23 13:53,3.0227,18.5531
2019-01-23 13:54,5.3717,6.6153
2019-01-23 13:55,6.4837,4.9593
2019-01-23 13:56,16.1608,9.3387
2019-01-23 13:57,12.2399,11.6281
2019-01-23 13:58,18.0104,15.4704
2019-01-23 13:59,18.8895,16.3799
2019-01-23 14:00,34.1679,23.6893
2019-01-23 14:01,46.6679,33.2418
2019-01-23 14:02,69.4452,50.0937
2019-01-23 14:03,71.9444,62.6858
2019-01-23 14:04,65.6408,69.0101
2019-01-23 14:05,57.5319,65.039
2019-01-23 14:06,60.9653,61.3793
2019-01-23 14:07,70.2453,62.9142
2019-01-23 14:08,52.7146,61.3084
2019-01-23 14:09,36.6326,53.1975
2019-01-23 14:10,38.1564,42.5012
2019-01-23 14:11,62.2795,45.6895
2019-01-23 14:12,72.3004,57.5788
2019-01-23 14:13,59.0882,64.556
2019-01-23 14:14,30.4708,53.9531
2019-01-23 14:15,15.3207,34.9599
2019-01-23 14:16,7.2678,17.6865
2019-01-23 14:17,4.0685,8.8857
2019-01-23 14:18,4.0685,5.135
2019-01-23 14:19,0.7932,2.9768
2019-01-23 14:20,0.7932,1.885
2019-01-23 14:21,8.7982,3.4616
2019-01-23 14:22,14.503,8.0315
2019-01-23 14:23,25.6978,16.333
2019-01-23 14:24,48.0737,29.4249
2019-01-23 14:25,66.9674,46.913
2019-01-23 14:26,81.9089,65.65
2019-01-23 14:27,75.8034,74.8932
2019-01-23 14:28,83.7451,80.4858
2019-01-23 14:29,83.9259,81.1582
2019-01-23 14:30,84.2114,83.9608
2019-01-23 14:31,60.4018,76.1797
2019-01-23 14:32,48.3705,64.3279
2019-01-23 14:33,36.1558,48.3094
2019-01-23 14:34,40.642,41.7227
2019-01-23 14:35,55.1068,43.9682
2019-01-23 14:36,76.0939,57.2809
2019-01-23 14:37,93.0987,74.7665
2019-01-23 14:38,83.1887,84.1271
2019-01-23 14:39,77.4983,84.5953
2019-01-23 14:40,69.5599,76.749
2019-01-23 14:41,79.2898,75.4494
2019-01-23 14:42,81.4403,76.7634
2019-01-23 14:43,89.257,83.3291
2019-01-23 14:44,81.6388,84.112
2019-01-23 14:45,51.8453,74.247
2019-01-23 14:46,22.0276,51.8372
2019-01-23 14:47,12.8344,28.9024
2019-01-23 14:48,19.7844,18.2155
2019-01-23 14:49,29.8448,20.8212
2019-01-23 14:50,36.6543,28.7611
2019-01-23 14:51,63.0376,43.1789
2019-01-23 14:52,80.7908,60.1609
2019-01-23 14:53,91.1114,78.3133
2019-01-23 14:54,82.7787,84.8936
2019-01-23 14:55,65.1796,79.6899
2019-01-23 14:56,45.9403,64.6329
2019-01-23 14:57,27.6054,46.2418
2019-01-23 14:58,35.9217,36.4891
2019-01-23 14:59,53.8576,39.1282
2019-01-23 15:00,70.1807,53.32
2019-01-23 15:01,75.5735,66.5373
2019-01-23 15:02,71.0649,72.273
2019-01-23 15:03,75.5273,74.0552
2019-01-23 15:04,70.0694,72.2205
2019-01-23 15:05,57.3382,67.645
2019-01-23 15:06,57.4513,61.6196
2019-01-23 15:07,37.9101,50.8998
2019-01-23 15:08,27.5642,40.9752
2019-01-23 15:09,0.0,21.8248
2019-01-23 15:10,7.937,11.8337
2019-01-23 15:11,19.0477,8.9949
2019-01-23 15:12,48.5059,25.1635
2019-01-23 15:13,68.4776,45.3437
2019-01-23 15:14,74.8268,63.9368
2019-01-23 15:15,57.1538,66.8194
2019-01-23 15:16,62.5785,64.853
2019-01-23 15:17,78.452,66.0614
2019-01-23 15:18,95.0977,78.7094
2019-01-23 15:19,86.2744,86.608
2019-01-23 15:20,78.9574,86.7765
2019-01-23 15:21,75.259,80.1636
2019-01-23 15:22,80.3905,78.2023
2019-01-23 15:23,87.7075,81.119
2019-01-23 15:24,81.8947,83.3309
2019-01-23 15:25,70.112,79.9047
2019-01-23 15:26,42.4774,64.828
2019-01-23 15:27,45.1688,52.586
2019-01-23 15:28,44.5255,44.0572
2019-01-23 15:29,72.16,53.9514
2019-01-23 15:30,81.6214,66.1023
2019-01-23 15:31,85.1365,79.6393
2019-01-23 15:32,67.1879,77.9819
2019-01-23 15:33,52.3543,68.2262
2019-01-23 15:34,33.9229,51.155
2019-01-23 15:35,20.7592,35.6788
2019-01-23 15:36,24.7325,26.4715
2019-01-23 15:37,39.1014,28.1977
2019-01-23 15:38,48.2332,37.3557
2019-01-23 15:39,45.7999,44.3782
2019-01-23 15:40,40.2427,44.7586
2019-01-23 15:41,28.89,38.3109
2019-01-23 15:42,12.2904,27.1411
2019-01-23 15:43,2.4132,14.5312
2019-01-23 15:44,11.7209,8.8082
2019-01-23 15:45,13.3199,9.1513
2019-01-23 15:46,17.9682,14.3363
2019-01-23 15:47,41.9938,24.4273
2019-01-23 15:48,63.5753,41.1791
2019-01-23 15:49,68.407,57.9921
2019-01-23 15:50,48.1691,60.0505
2019-01-23 15:51,29.3659,48.6473
2019-01-23 15:52,20.641,32.7253
2019-01-23 15:53,9.3004,19.7691
2019-01-23 15:54,5.8931,11.9448
2019-01-23 15:55,8.2045,7.7993
2019-01-23 15:56,28.2449,14.1142
2019-01-23 15:57,42.7612,26.4035
2019-01-23 15:58,55.1265,42.0442
2019-01-23 15:59,52.7712,50.2196
2019-01-23 16:00,60.62,56.1726
2019-01-24 09:31,51.7053,55.0322
2019-01-24 09:32,38.9322,50.4192
2019-01-24 09:33,23.5404,38.0593
2019-01-24 09:34,44.2026,35.5584
2019-01-24 09:35,61.5122,43.0851
2019-01-24 09:36,85.7205,63.8118
2019-01-24 09:37,89.1478,78.7935
2019-01-24 09:38,93.9345,89.6009
2019-01-24 09:39,80.9098,87.9974
2019-01-24 09:40,73.3115,82.7186
2019-01-24 09:41,60.1942,71.4718
2019-01-24 09:42,41.5913,58.3657
2019-01-24 09:43,50.5343,50.7733
2019-01-24 09:44,66.6714,52.9324
2019-01-24 09:45,93.9911,70.399
2019-01-24 09:46,94.1393,84.9339
2019-01-24 09:47,88.0579,92.0628
2019-01-24 09:48,82.3485,88.1819
2019-01-24 09:49,74.7325,81.713
2019-01-24 09:50,74.4274,77.1695
2019-01-24 09:51,80.5779,76.5793
2019-01-24 09:52,78.6698,77.8917
2019-01-24 09:53,78.1098,79.1192
2019-01-24 09:54,67.0364,74.6053
2019-01-24 09:55,57.8933,67.6798
2019-01-24 09:56,33.0568,52.6622
2019-01-24 09:57,14.6661,35.2054
2019-01-24 09:58,22.0001,23.241
2019-01-24 09:59,42.0003,26.2222
2019-01-24 10:00,74.6527,46.2177
2019-01-24 10:01,77.1422,64.5984
2019-01-24 10:02,77.2096,76.3348
2019-01-24 10:03,53.0371,69.1296
2019-01-24 10:04,36.5395,55.5954
2019-01-24 10:05,20.3178,36.6315
2019-01-24 10:06,39.2609,32.0394
2019-01-24 10:07,53.4911,37.6899
2019-01-24 10:08,67.1056,53.2858
2019-01-24 10:09,57.2304,59.2757
2019-01-24 10:10,48.3407,57.5589
2019-01-24 10:11,33.6099,46.3937
2019-01-24 10:12,19.7667,33.9058
2019-01-24 10:13,18.6886,24.0217
2019-01-24 10:14,34.8475,24.4343
2019-01-24 10:15,62.2546,38.5969
2019-01-24 10:16,76.111,57.7377
2019-01-24 10:17,88.1319,75.4992
2019-01-24 10:18,82.1343,82.1258
2019-01-24 10:19,83.4428,84.5697
2019-01-24 10:20,68.1828,77.92
2019-01-24 10:21,68.5065,73.3774
2019-01-24 10:22,67.1294,67.9396
2019-01-24 10:23,63.8096,66.4819
2019-01-24 10:24,40.8171,57.2521
2019-01-24 10:25,25.0317,43.2195
2019-01-24 10:26,21.6756,29.1748
2019-01-24 10:27,22.1294,22.9456
2019-01-24 10:28,32.7067,25.5039
2019-01-24 10:29,57.0665,37.3009
2019-01-24 10:30,69.6443,53.1392
2019-01-24 10:31,59.5259,62.0789
2019-01-24 10:32,27.8177,52.3293
2019-01-24 10:33,12.3409,33.2282
2019-01-24 10:34,7.5773,15.912
2019-01-24 10:35,11.4314,10.4499
2019-01-24 10:36,13.053,10.6873
2019-01-24 10:37,13.0365,12.507
2019-01-24 10:38,11.4071,12.4989
2019-01-24 10:39,10.05,11.4978
2019-01-24 10:40,18.232,13.2297
2019-01-24 10:41,28.4635,18.9152
2019-01-24 10:42,36.9712,27.8889
2019-01-24 10:43,38.2613,34.5653
2019-01-24 10:44,24.1799,33.1375
2019-01-24 10:45,17.1976,26.5463
2019-01-24 10:46,5.7113,15.6962
2019-01-24 10:47,23.0553,15.3214
2019-01-24 10:48,35.4933,21.4199
2019-01-24 10:49,31.9503,30.1663
2019-01-24 10:50,16.9399,28.1279
2019-01-24 10:51,19.1567,22.6823
2019-01-24 10:52,39.7377,25.2781
2019-01-24 10:53,62.5662,40.4869
2019-01-24 10:54,67.2812,56.5283
2019-01-24 10:55,65.5408,65.1294
2019-01-24 10:56,59.8824,64.2348
2019-01-24 10:57,49.7156,58.3796
2019-01-24 10:58,46.0993,51.8991
2019-01-24 10:59,55.8055,50.5401
2019-01-24 11:00,72.4208,58.1085
2019-01-24 11:01,76.1251,68.1171
2019-01-24 11:02,66.0792,71.5417
2019-01-24 11:03,61.5205,67.9083
2019-01-24 11:04,61.3367,62.9788
2019-01-24 11:05,75.5061,66.1211
2019-01-24 11:06,79.2617,72.0348
2019-01-24 11:07,85.3759,80.0479
2019-01-24 11:08,52.7514,72.463
2019-01-24 11:09,50.0596,62.729
2019-01-24 11:10,38.2973,47.0361
2019-01-24 11:11,66.9666,51.7745
2019-01-24 11:12,73.699,59.6543
2019-01-24 11:13,68.6813,69.7823
2019-01-24 11:14,44.1814,62.1873
2019-01-24 11:15,22.0406,44.9678
2019-01-24 11:16,13.583,26.6017
2019-01-24 11:17,15.6489,17.0908
2019-01-24 11:18,21.0854,16.7724
2019-01-24 11:19,45.0298,27.2547
2019-01-24 11:20,44.6592,36.9248
2019-01-24 11:21,48.3588,46.0159
2019-01-24 11:22,32.6009,41.873
2019-01-24 11:23,47.7226,42.8941
2019-01-24 11:24,48.4883,42.9373
2019-01-24 11:25,55.8069,50.6726
2019-01-24 11:26,35.4736,46.5896
2019-01-24 11:27,16.867,36.0491
2019-01-24 11:28,9.5484,20.6297
2019-01-24 11:29,39.1896,21.8683
2019-01-24 11:30,64.5559,37.7646
2019-01-24 11:31,78.9029,60.8828
2019-01-24 11:32,69.9782,71.1457
2019-01-24 11:33,68.1249,72.3353
2019-01-24 11:34,61.9442,66.6824
2019-01-24 11:35,66.8488,65.6393
2019-01-24 11:36,51.3355,60.0428
2019-01-24 11:37,68.316,62.1668
2019-01-24 11:38,73.0596,64.237
2019-01-24 11:39,88.8146,76.7301
2019-01-24 11:40,75.8259,79.2334
2019-01-24 11:41,60.6558,75.0988
2019-01-24 11:42,45.0883,60.5233
2019-01-24 11:43,27.1685,44.3042
2019-01-24 11:44,20.2891,30.8486
2019-01-24 11:45,17.4221,21.6265
2019-01-24 11:46,46.8164,28.1758
2019-01-24 11:47,67.6156,43.9513
2019-01-24 11:48,84.0962,66.176
2019-01-24 11:49,85.6105,79.1074
2019-01-24 11:50,82.6985,84.1351
2019-01-24 11:51,80.1578,82.8223
2019-01-24 11:52,58.6767,73.8443
2019-01-24 11:53,36.905,58.5799
2019-01-24 11:54,24.7887,40.1235
2019-01-24 11:55,32.7779,31.4906
2019-01-24 11:56,60.3185,39.295
2019-01-24 11:57,83.7818,58.9594
2019-01-24 11:58,89.543,77.8811
2019-01-24 11:59,83.8929,85.7392
2019-01-24 12:00,86.6191,86.685
2019-01-24 12:01,69.4532,79.9884
2019-01-24 12:02,46.7699,67.6141
2019-01-24 12:03,18.769,44.9973
2019-01-24 12:04,12.9205,26.1531
2019-01-24 12:05,19.4452,17.0449
2019-01-24 12:06,17.4381,16.6013
2019-01-24 12:07,37.8386,24.9073
2019-01-24 12:08,56.4217,37.2328
2019-01-24 12:09,75.6779,56.6461
2019-01-24 12:10,66.6683,66.256
2019-01-24 12:11,56.3515,66.2326
2019-01-24 12:12,46.2698,56.4299
2019-01-24 12:13,52.0431,51.5548
2019-01-24 12:14,47.0671,48.46
2019-01-24 12:15,59.7532,52.9545
2019-01-24 12:16,51.4316,52.7506
2019-01-24 12:17,65.6026,58.9291
2019-01-24 12:18,65.5461,60.8601
2019-01-24 12:19,77.6158,69.5882
2019-01-24 12:20,68.3831,70.515
2019-01-24 12:21,44.4439,63.481
2019-01-24 12:22,23.5069,45.4447
2019-01-24 12:23,3.7537,23.9015
2019-01-24 12:24,8.8224,12.0277
2019-01-24 12:25,16.9258,9.834
2019-01-24 12:26,50.2592,25.3358
2019-01-24 12:27,76.4318,47.8723
2019-01-24 12:28,88.7629,71.818
2019-01-24 12:29,71.1879,78.7942
2019-01-24 12:30,50.4652,70.1387
2019-01-24 12:31,34.3446,51.9992
2019-01-24 12:32,20.343,35.0509
2019-01-24 12:33,9.1293,21.2723
2019-01-24 12:34,10.8787,13.4503
2019-01-24 12:35,22.8737,14.2939
2019-01-24 12:36,22.3785,18.7103
2019-01-24 12:37,16.2909,20.5144
2019-01-24 12:38,12.7765,17.1487
2019-01-24 12:39,26.8628,18.6434
2019-01-24 12:40,50.5034,30.0476
2019-01-24 12:41,73.5995,50.3219
2019-01-24 12:42,91.1132,71.7387
2019-01-24 12:43,92.9857,85.8994
2019-01-24 12:44,76.3173,86.8054
2019-01-24 12:45,51.3832,73.562
2019-01-24 12:46,49.7451,59.1485
2019-01-24 12:47,37.5191,46.2158
2019-01-24 12:48,46.3965,44.5536
2019-01-24 12:49,46.2989,43.4048
2019-01-24 12:50,62.913,51.8695
2019-01-24 12:51,56.1401,55.1173
2019-01-24 12:52,36.8277,51.9603
2019-01-24 12:53,17.9255,36.9644
2019-01-24 12:54,14.9025,23.2186
2019-01-24 12:55,15.2633,16.0304
2019-01-24 12:56,22.9169,17.6942
2019-01-24 12:57,45.1278,27.7693
2019-01-24 12:58,68.9852,45.6766
2019-01-24 12:59,70.2945,61.4692
2019-01-24 13:00,71.9652,70.415
2019-01-24 13:01,64.8561,69.0386
2019-01-24 13:02,84.5114,73.7776
2019-01-24 13:03,86.4733,78.6136
2019-01-24 13:04,62.3601,77.7816
2019-01-24 13:05,41.8465,63.56
2019-01-24 13:06,22.7554,42.3206
2019-01-24 13:07,37.339,33.9803
2019-01-24 13:08,45.4751,35.1898
2019-01-24 13:09,47.5566,43.4569
2019-01-24 13:10,40.3517,44.4612
2019-01-24 13:11,29.4596,39.1227
2019-01-24 13:12,19.878,29.8964
2019-01-24 13:13,27.7374,25.6917
2019-01-24 13:14,50.6301,32.7485
2019-01-24 13:15,78.9638,52.4437
2019-01-24 13:16,92.2968,73.9636
2019-01-24 13:17,90.4758,87.2454
2019-01-24 13:18,90.4758,91.0828
2019-01-24 13:19,95.2379,92.0631
2019-01-24 13:20,96.9377,94.2171
2019-01-24 13:21,88.4106,93.5287
2019-01-24 13:22,87.7699,91.0394
2019-01-24 13:23,90.8323,89.0043
2019-01-24 13:24,96.9089,91.837
2019-01-24 13:25,92.648,93.4631
2019-01-24 13:26,83.9301,91.1623
2019-01-24 13:27,76.3808,84.3196
2019-01-24 13:28,62.4435,74.2515
2019-01-24 13:29,46.1621,61.6621
2019-01-24 13:30,33.4341,47.3466
2019-01-24 13:31,45.2566,41.6176
2019-01-24 13:32,38.676,39.1222
2019-01-24 13:33,52.6314,45.5213
2019-01-24 13:34,52.6288,47.9787
2019-01-24 13:35,78.0597,61.1066
2019-01-24 13:36,86.8321,72.5068
2019-01-24 13:37,93.851,86.2476
2019-01-24 13:38,84.1527,88.2786
2019-01-24 13:39,69.3277,82.4438
2019-01-24 13:40,37.943,63.8078
2019-01-24 13:41,35.9751,47.7486
2019-01-24 13:42,24.1877,32.7019
2019-01-24 13:43,39.8856,33.3495
2019-01-24 13:44,25.7556,29.943
2019-01-24 13:45,21.8111,29.1508
2019-01-24 13:46,26.3876,24.6514
2019-01-24 13:47,49.4011,32.5333
2019-01-24 13:48,54.7421,43.5103
2019-01-24 13:49,35.0856,46.4096
2019-01-24 13:50,14.5297,34.7858
2019-01-24 13:51,23.9571,24.5241
2019-01-24 13:52,54.7239,31.0702
2019-01-24 13:53,83.0215,53.9008
2019-01-24 13:54,88.0963,75.2806
2019-01-24 13:55,79.7629,83.6269
2019-01-24 13:56,68.256,78.7051
2019-01-24 13:57,66.6914,71.5701
2019-01-24 13:58,73.6649,69.5374
2019-01-24 13:59,77.5558,72.6374
2019-01-24 14:00,78.1935,76.4714
2019-01-24 14:01,60.0128,71.9207
2019-01-24 14:02,42.1525,60.1196
2019-01-24 14:03,29.7942,43.9865
2019-01-24 14:04,19.1677,30.3715
2019-01-24 14:05,28.3957,25.7859
2019-01-24 14:06,49.5328,32.3654
2019-01-24 14:07,74.3092,50.7459
2019-01-24 14:08,86.0662,69.9694
2019-01-24 14:09,81.7207,80.6987
2019-01-24 14:10,73.7786,80.5218
2019-01-24 14:11,53.0669,69.5221
2019-01-24 14:12,40.5768,55.8075
2019-01-24 14:13,30.5759,41.4065
2019-01-24 14:14,29.5177,33.5568
2019-01-24 14:15,15.8819,25.3252
2019-01-24 14:16,10.6531,18.6842
2019-01-24 14:17,8.1041,11.5464
2019-01-24 14:18,11.2193,9.9922
2019-01-24 14:19,8.5322,9.2852
2019-01-24 14:20,10.2114,9.9877
2019-01-24 14:21,28.764,15.8359
2019-01-24 14:22,60.0136,32.9963
2019-01-24 14:23,61.458,50.0785
2019-01-24 14:24,56.4553,59.3089
2019-01-24 14:25,29.3721,49.0951
2019-01-24 14:26,37.498,41.1085
2019-01-24 14:27,54.1663,40.3455
2019-01-24 14:28,69.3439,53.6694
2019-01-24 14:29,66.2987,63.2696
2019-01-24 14:30,63.7322,66.4582
2019-01-24 14:31,48.7095,59.5801
2019-01-24 14:32,41.9784,51.4734
2019-01-24 14:33,39.782,43.49
2019-01-24 14:34,54.8047,45.5217
2019-01-24 14:35,82.3219,58.9696
2019-01-24 14:36,70.4182,69.1816
2019-01-24 14:37,58.9902,70.5768
2019-01-24 14:38,51.3973,60.2686
2019-01-24 14:39,60.862,57.0832
2019-01-24 14:40,80.9985,64.4193
2019-01-24 14:41,76.3575,72.7393
2019-01-24 14:42,62.7823,73.3794
2019-01-24 14:43,32.6461,57.262
2019-01-24 14:44,21.1037,38.8441
2019-01-24 14:45,20.9287,24.8929
2019-01-24 14:46,52.5952,31.5426
2019-01-24 14:47,57.1537,43.5592
2019-01-24 14:48,46.3158,52.0216
2019-01-24 14:49,14.6494,39.373
2019-01-24 14:50,15.6281,25.5311
2019-01-24 14:51,43.7209,24.6661
2019-01-24 14:52,61.1129,40.154
2019-01-24 14:53,64.42,56.418
2019-01-24 14:54,52.2835,59.2722
2019-01-24 14:55,68.2249,61.6428
2019-01-24 14:56,63.4769,61.3284
2019-01-24 14:57,51.725,61.1423
2019-01-24 14:58,26.4387,47.2135
2019-01-24 14:59,25.2898,34.4845
2019-01-24 15:00,37.9339,29.8875
2019-01-24 15:01,56.9706,40.0648
2019-01-24 15:02,67.0444,53.9829
2019-01-24 15:03,77.684,67.233
2019-01-24 15:04,75.3328,73.3537
2019-01-24 15:05,87.0972,80.038
2019-01-24 15:06,91.3992,84.6098
2019-01-24 15:07,96.517,91.6712
2019-01-24 15:08,92.1454,93.3539
2019-01-24 15:09,83.6702,90.7775
2019-01-24 15:10,79.5142,85.1099
2019-01-24 15:11,63.8852,75.6899
2019-01-24 15:12,62.4714,68.6236
2019-01-24 15:13,62.6604,63.0057
2019-01-24 15:14,68.937,64.6896
2019-01-24 15:15,45.4926,59.03
2019-01-24 15:16,20.7991,45.0762
2019-01-24 15:17,1.1898,22.4938
2019-01-24 15:18,1.1898,7.7262
2019-01-24 15:19,7.6191,3.3329
2019-01-24 15:20,21.5085,10.1058
2019-01-24 15:21,27.508,18.8785
2019-01-24 15:22,32.8527,27.2897
2019-01-24 15:23,35.6285,31.9964
2019-01-24 15:24,34.3906,34.2906
2019-01-24 15:25,44.2344,38.0845
2019-01-24 15:26,60.9025,46.5091
2019-01-24 15:27,72.0144,59.0504
2019-01-24 15:28,58.7299,63.8823
2019-01-24 15:29,45.0029,58.5824
2019-01-24 15:30,62.4627,55.3985
2019-01-24 15:31,54.3881,53.9512
2019-01-24 15:32,37.6789,51.5099
2019-01-24 15:33,5.2459,32.4376
2019-01-24 15:34,7.964,16.9629
2019-01-24 15:35,18.2606,10.4902
2019-01-24 15:36,34.5634,20.2627
2019-01-24 15:37,59.1564,37.3268
2019-01-24 15:38,68.1849,53.9682
2019-01-24 15:39,67.1717,64.8377
2019-01-24 15:40,39.9288,58.4285
2019-01-24 15:41,29.1095,45.4033
2019-01-24 15:42,26.0773,31.7052
2019-01-24 15:43,47.6002,34.2623
2019-01-24 15:44,67.6783,47.1186
2019-01-24 15:45,81.6521,65.6435
2019-01-24 15:46,76.6451,75.3252
2019-01-24 15:47,61.1634,73.1535
2019-01-24 15:48,37.365,58.3912
2019-01-24 15:49,29.3337,42.6207
2019-01-24 15:50,24.0501,30.2496
2019-01-24 15:51,46.1135,33.1658
2019-01-24 15:52,68.8603,46.3413
2019-01-24 15:53,89.5728,68.1822
2019-01-24 15:54,95.6573,84.6968
2019-01-24 15:55,86.7192,90.6497
2019-01-24 15:56,72.3456,84.9073
2019-01-24 15:57,46.8748,68.6465
2019-01-24 15:58,25.5649,48.2618
2019-01-24 15:59,26.0098,32.8165
2019-01-24 16:00,34.1662,28.5803
2019-01-25 09:31,63.2784,41.1515
2019-01-25 09:32,68.9401,55.4616
2019-01-25 09:33,71.6792,67.9659
2019-01-25 09:34,64.2298,68.283
2019-01-25 09:35,58.9049,64.938
2019-01-25 09:36,67.0852,63.4066
2019-01-25 09:37,73.7556,66.5819
2019-01-25 09:38,84.5328,75.1245
2019-01-25 09:39,75.7166,78.0016
2019-01-25 09:40,50.9478,70.3991
2019-01-25 09:41,38.7792,55.1479
2019-01-25 09:42,42.5091,44.0787
2019-01-25 09:43,49.7782,43.6888
2019-01-25 09:44,50.0,47.4291
2019-01-25 09:45,34.4449,44.741
2019-01-25 09:46,24.6204,36.3551
2019-01-25 09:47,14.0143,24.3598
2019-01-25 09:48,28.9132,22.516
2019-01-25 09:49,44.7479,29.2251
2019-01-25 09:50,62.0785,45.2465
2019-01-25 09:51,76.0681,60.9648
2019-01-25 09:52,63.2884,67.145
2019-01-25 09:53,46.2464,61.8676
2019-01-25 09:54,16.8814,42.1387
2019-01-25 09:55,13.435,25.5209
2019-01-25 09:56,13.8779,14.7314
2019-01-25 09:57,37.9983,21.7704
2019-01-25 09:58,68.2141,40.0301
2019-01-25 09:59,87.0489,64.4204
2019-01-25 10:00,90.5486,81.9372
2019-01-25 10:01,86.1941,87.9305
2019-01-25 10:02,87.8223,88.1883
2019-01-25 10:03,80.9917,85.0027
2019-01-25 10:04,69.1447,79.3195
2019-01-25 10:05,69.9489,73.3618
2019-01-25 10:06,71.8459,70.3131
2019-01-25 10:07,79.8845,73.8931
2019-01-25 10:08,67.1037,72.9447
2019-01-25 10:09,61.6996,69.5626
2019-01-25 10:10,56.9457,61.9164
2019-01-25 10:11,60.1808,59.6087
2019-01-25 10:12,69.3223,62.1496
2019-01-25 10:13,74.5164,68.0065
2019-01-25 10:14,87.7341,77.1909
2019-01-25 10:15,88.9208,83.7238
2019-01-25 10:16,95.3935,90.6828
2019-01-25 10:17,84.4962,89.6035
2019-01-25 10:18,71.7567,83.8821
2019-01-25 10:19,39.6733,65.3087
2019-01-25 10:20,22.6497,44.6932
2019-01-25 10:21,5.8305,22.7178
2019-01-25 10:22,8.3942,12.2915
2019-01-25 10:23,5.5935,6.6061
2019-01-25 10:24,26.0373,13.3417
2019-01-25 10:25,36.5168,22.7159
2019-01-25 10:26,64.1524,42.2355
2019-01-25 10:27,67.2027,55.9573
2019-01-25 10:28,72.5809,67.9787
2019-01-25 10:29,59.2799,66.3545
2019-01-25 10:30,43.4433,58.4347
2019-01-25 10:31,26.5374,43.0869
2019-01-25 10:32,35.9801,35.3203
2019-01-25 10:33,31.8573,31.4583
2019-01-25 10:34,48.5244,38.7873
2019-01-25 10:35,47.991,42.7909
2019-01-25 10:36,64.6588,53.7247
2019-01-25 10:37,72.8655,61.8385
2019-01-25 10:38,71.76,69.7614
2019-01-25 10:39,77.5382,74.0546
2019-01-25 10:40,53.0129,67.437
2019-01-25 10:41,29.8648,53.472
2019-01-25 10:42,1.8639,28.2472
2019-01-25 10:43,7.407,13.0452
2019-01-25 10:44,15.7685,8.3465
2019-01-25 10:45,45.492,22.8891
2019-01-25 10:46,71.4183,44.2263
2019-01-25 10:47,89.2541,68.7214
2019-01-25 10:48,87.9501,82.8741
2019-01-25 10:49,87.9501,88.3847
2019-01-25 10:50,72.2704,82.7235
2019-01-25 10:51,55.5326,71.9177
2019-01-25 10:52,22.1993,50.0008
2019-01-25 10:53,39.8876,39.2065
2019-01-25 10:54,52.5657,38.2175
2019-01-25 10:55,69.2333,53.8955
2019-01-25 10:56,41.0274,54.2755
2019-01-25 10:57,18.6543,42.9717
2019-01-25 10:58,9.5736,23.0851
2019-01-25 10:59,14.7192,14.3157
2019-01-25 11:00,42.047,22.1132
2019-01-25 11:01,67.7934,41.5199
2019-01-25 11:02,95.9812,68.6072
2019-01-25 11:03,98.7186,87.4977
2019-01-25 11:04,86.1057,93.6018
2019-01-25 11:05,77.7715,87.532
2019-01-25 11:06,72.8665,78.9146
2019-01-25 11:07,76.707,75.7816
2019-01-25 11:08,82.6927,77.422
2019-01-25 11:09,82.5311,80.6436
2019-01-25 11:10,73.3053,79.5097
2019-01-25 11:11,54.0237,69.9534
2019-01-25 11:12,28.89,52.073
2019-01-25 11:13,37.6295,40.1811
2019-01-25 11:14,46.2974,37.6057
2019-01-25 11:15,74.6915,52.8728
2019-01-25 11:16,73.4927,64.8272
2019-01-25 11:17,86.4549,78.2131
2019-01-25 11:18,87.3931,82.4469
2019-01-25 11:19,93.6832,89.1771
2019-01-25 11:20,87.3483,89.4748
2019-01-25 11:21,65.214,82.0818
2019-01-25 11:22,38.2635,63.6086
2019-01-25 11:23,26.7691,43.4155
2019-01-25 11:24,27.686,30.9062
2019-01-25 11:25,51.8609,35.4387
2019-01-25 11:26,69.6902,49.7457
2019-01-25 11:27,88.4584,70.0032
2019-01-25 11:28,76.1702,78.1063
2019-01-25 11:29,59.5036,74.7107
2019-01-25 11:30,55.3298,63.6679
2019-01-25 11:31,63.1013,59.3115
2019-01-25 11:32,69.581,62.6707
2019-01-25 11:33,74.6666,69.1163
2019-01-25 11:34,81.6842,75.3106
2019-01-25 11:35,88.841,81.7306
2019-01-25 11:36,92.5277,87.6843
2019-01-25 11:37,89.56,90.3096
2019-01-25 11:38,86.8431,89.6436
2019-01-25 11:39,82.3183,86.2405
2019-01-25 11:40,59.4281,76.1965
2019-01-25 11:41,47.1566,62.9676
2019-01-25 11:42,48.3828,51.6558
2019-01-25 11:43,73.9571,56.4988
2019-01-25 11:44,91.9756,71.4385
2019-01-25 11:45,92.8136,86.2487
2019-01-25 11:46,96.0909,93.6267
2019-01-25 11:47,94.24,94.3815
2019-01-25 11:48,96.7006,95.6772
2019-01-25 11:49,98.1491,96.3632
2019-01-25 11:50,95.7449,96.8648
2019-01-25 11:51,92.1996,95.3645
2019-01-25 11:52,86.9368,91.6271
2019-01-25 11:53,90.2115,89.7826
2019-01-25 11:54,92.0868,89.745
2019-01-25 11:55,96.7328,93.0104
2019-01-25 11:56,89.7422,92.8539
2019-01-25 11:57,84.9079,90.461
2019-01-25 11:58,53.5818,76.0773
2019-01-25 11:59,36.9149,58.4682
2019-01-25 12:00,23.1289,37.8752
2019-01-25 12:01,24.6797,28.2412
2019-01-25 12:02,25.3411,24.3832
2019-01-25 12:03,18.2507,22.7572
2019-01-25 12:04,25.173,22.9216
2019-01-25 12:05,20.7536,21.3924
2019-01-25 12:06,18.5405,21.489
2019-01-25 12:07,42.0104,27.1015
2019-01-25 12:08,68.9009,43.1506
2019-01-25 12:09,97.1064,69.3392
2019-01-25 12:10,88.4636,84.8236
2019-01-25 12:11,71.4517,85.6739
2019-01-25 12:12,44.1035,68.0063
2019-01-25 12:13,19.4129,44.9894
2019-01-25 12:14,11.3717,24.9627
2019-01-25 12:15,12.5709,14.4518
2019-01-25 12:16,22.3755,15.4393
2019-01-25 12:17,20.9333,18.6266
2019-01-25 12:18,15.9913,19.7667
2019-01-25 12:19,9.7897,15.5714
2019-01-25 12:20,22.1038,15.9616
2019-01-25 12:21,38.9582,23.6172
2019-01-25 12:22,68.6884,43.2501
2019-01-25 12:23,80.9557,62.8674
2019-01-25 12:24,90.8665,80.1702
2019-01-25 12:25,88.6803,86.8342
2019-01-25 12:26,89.9489,89.8319
2019-01-25 12:27,83.1605,87.2632
2019-01-25 12:28,72.8443,81.9846
2019-01-25 12:29,74.9952,77.0
2019-01-25 12:30,85.028,77.6225
2019-01-25 12:31,91.3573,83.7935
2019-01-25 12:32,79.011,85.1321
2019-01-25 12:33,67.5912,79.3198
2019-01-25 12:34,58.0775,68.2266
2019-01-25 12:35,60.0089,61.8926
2019-01-25 12:36,67.6481,61.9115
2019-01-25 12:37,72.2238,66.6269
2019-01-25 12:38,71.8978,70.5899
2019-01-25 12:39,74.2285,72.7834
2019-01-25 12:40,82.815,76.3138
2019-01-25 12:41,76.8901,77.9779
2019-01-25 12:42,59.6984,73.1345
2019-01-25 12:43,32.1376,56.242
2019-01-25 12:44,20.1,37.312
2019-01-25 12:45,8.8032,20.3469
2019-01-25 12:46,33.7403,20.8812
2019-01-25 12:47,29.9646,24.1694
2019-01-25 12:48,41.5397,35.0815
2019-01-25 12:49,24.1882,31.8975
2019-01-25 12:50,36.6673,34.1317
2019-01-25 12:51,40.1675,33.6743
2019-01-25 12:52,47.3889,41.4079
2019-01-25 12:53,40.9986,42.8517
2019-01-25 12:54,27.4658,38.6177
2019-01-25 12:55,26.0784,31.5143
2019-01-25 12:56,27.192,26.912
2019-01-25 12:57,29.3226,27.531
2019-01-25 12:58,14.7404,23.7517
2019-01-25 12:59,15.0188,19.6939
2019-01-25 13:00,30.9328,20.2307
2019-01-25 13:01,28.8474,24.933
2019-01-25 13:02,21.6539,27.1447
2019-01-25 13:03,12.4399,20.9804
2019-01-25 13:04,26.5643,20.2193
2019-01-25 13:05,37.2868,25.4303
2019-01-25 13:06,53.6301,39.1604
2019-01-25 13:07,69.3296,53.4155
2019-01-25 13:08,90.7989,71.2529
2019-01-25 13:09,92.3252,84.1512
2019-01-25 13:10,94.9718,92.6987
2019-01-25 13:11,85.4477,90.9149
2019-01-25 13:12,78.9461,86.4552
2019-01-25 13:13,69.7079,78.0339
2019-01-25 13:14,74.7869,74.4803
2019-01-25 13:15,72.1218,72.2055
2019-01-25 13:16,73.3327,73.4138
2019-01-25 13:17,77.7778,74.4107
2019-01-25 13:18,73.5663,74.8923
2019-01-25 13:19,77.3835,76.2425
2019-01-25 13:20,74.9774,75.3091
2019-01-25 13:21,91.1882,81.183
2019-01-25 13:22,79.4876,81.8844
2019-01-25 13:23,48.5604,73.0787
2019-01-25 13:24,19.5595,49.2025
2019-01-25 13:25,28.5547,32.2249
2019-01-25 13:26,56.5093,34.8745
2019-01-25 13:27,76.34,53.8013
2019-01-25 13:28,73.6159,68.8217
2019-01-25 13:29,68.5019,72.8193
2019-01-25 13:30,74.2409,72.1196
2019-01-25 13:31,80.96,74.5676
2019-01-25 13:32,75.4022,76.8677
2019-01-25 13:33,51.2789,69.2137
2019-01-25 13:34,26.5603,51.0805
2019-01-25 13:35,17.0072,31.6155
2019-01-25 13:36,19.9564,21.1746
2019-01-25 13:37,22.4162,19.7933
2019-01-25 13:38,14.6866,19.0197
2019-01-25 13:39,18.1577,18.4202
2019-01-25 13:40,26.4996,19.7813
2019-01-25 13:41,55.7182,33.4585
2019-01-25 13:42,62.1991,48.139
2019-01-25 13:43,63.218,60.3784
2019-01-25 13:44,50.6642,58.6937
2019-01-25 13:45,54.7445,56.2089
2019-01-25 13:46,68.8069,58.0719
2019-01-25 13:47,83.0183,68.8566
2019-01-25 13:48,93.8827,81.9026
2019-01-25 13:49,93.6025,90.1678
2019-01-25 13:50,91.7119,93.0657
2019-01-25 13:51,77.6007,87.6384
2019-01-25 13:52,77.1681,82.1602
2019-01-25 13:53,76.9706,77.2465
2019-01-25 13:54,86.7885,80.3091
2019-01-25 13:55,68.7865,77.5152
2019-01-25 13:56,58.3321,71.3023
2019-01-25 13:57,51.9985,59.7057
2019-01-25 13:58,54.9986,55.1097
2019-01-25 13:59,41.1947,49.3973
2019-01-25 14:00,25.4116,40.535
2019-01-25 14:01,19.1843,28.5969
2019-01-25 14:02,14.6545,19.7502
2019-01-25 14:03,17.7839,17.2076
2019-01-25 14:04,20.5524,17.6636
2019-01-25 14:05,39.6331,25.9898
2019-01-25 14:06,55.4661,38.5505
2019-01-25 14:07,70.4949,55.198
2019-01-25 14:08,80.302,68.7543
2019-01-25 14:09,84.3452,78.3807
2019-01-25 14:10,84.4401,83.0291
2019-01-25 14:11,85.1839,84.6564
2019-01-25 14:12,74.0869,81.237
2019-01-25 14:13,55.7668,71.6792
2019-01-25 14:14,59.4686,63.1074
2019-01-25 14:15,58.004,57.7465
2019-01-25 14:16,74.153,63.8752
2019-01-25 14:17,73.4762,68.5444
2019-01-25 14:18,57.15,68.2597
2019-01-25 14:19,45.0748,58.567
2019-01-25 14:20,24.8364,42.3537
2019-01-25 14:21,38.5611,36.1574
2019-01-25 14:22,32.316,31.9045
2019-01-25 14:23,23.3244,31.4005
2019-01-25 14:24,29.9711,28.5372
2019-01-25 14:25,45.0933,32.7963
2019-01-25 14:26,68.7472,47.9372
2019-01-25 14:27,77.2637,63.7014
2019-01-25 14:28,59.4865,68.4991
2019-01-25 14:29,32.4059,56.3853
2019-01-25 14:30,20.4959,37.4628
2019-01-25 14:31,35.0454,29.3158
2019-01-25 14:32,54.2045,36.582
2019-01-25 14:33,56.76,48.67
2019-01-25 14:34,41.6679,50.8775
2019-01-25 14:35,29.0556,42.4945
2019-01-25 14:36,17.8544,29.526
2019-01-25 14:37,20.9385,22.6162
2019-01-25 14:38,16.2426,18.3452
2019-01-25 14:39,17.9102,18.3638
2019-01-25 14:40,28.5173,20.8901
2019-01-25 14:41,30.4901,25.6392
2019-01-25 14:42,36.0448,31.6841
2019-01-25 14:43,23.8237,30.1195
2019-01-25 14:44,44.2428,34.7038
2019-01-25 14:45,53.6878,40.5848
2019-01-25 14:46,78.8709,58.9338
2019-01-25 14:47,82.4058,71.6548
2019-01-25 14:48,90.7398,84.0055
2019-01-25 14:49,87.7785,86.9747
2019-01-25 14:50,60.0007,79.5063
2019-01-25 14:51,29.047,58.942
2019-01-25 14:52,2.3797,30.4758
2019-01-25 14:53,10.0733,13.8333
2019-01-25 14:54,11.6935,8.0488
2019-01-25 14:55,22.2193,14.662
2019-01-25 14:56,14.5256,16.1461
2019-01-25 14:57,13.3021,16.6823
2019-01-25 14:58,2.7764,10.2014
2019-01-25 14:59,8.9479,8.3421
2019-01-25 15:00,15.5039,9.0761
2019-01-25 15:01,20.5842,15.012
2019-01-25 15:02,24.2172,20.1018
2019-01-25 15:03,33.5129,26.1048
2019-01-25 15:04,44.1193,33.9498
2019-01-25 15:05,59.9563,45.8628
2019-01-25 15:06,64.8709,56.3155
2019-01-25 15:07,49.1841,58.0038
2019-01-25 15:08,40.2092,51.4214
2019-01-25 15:09,16.6667,35.3533
2019-01-25 15:10,16.6667,24.5142
2019-01-25 15:11,-0.0,11.1111
2019-01-25 15:12,8.667,8.4446
2019-01-25 15:13,18.1908,8.9526
2019-01-25 15:14,36.9396,21.2658
2019-01-25 15:15,43.7389,32.9564
2019-01-25 15:16,66.1835,48.954
2019-01-25 15:17,77.8871,62.6031
2019-01-25 15:18,81.1696,75.08
2019-01-25 15:19,60.5109,73.1892
2019-01-25 15:20,43.3192,61.6666
2019-01-25 15:21,43.6185,49.1496
2019-01-25 15:22,41.8311,42.9229
2019-01-25 15:23,48.5714,44.6737
2019-01-25 15:24,32.6963,41.0329
2019-01-25 15:25,28.4369,36.5682
2019-01-25 15:26,13.6987,24.944
2019-01-25 15:27,12.9954,18.377
2019-01-25 15:28,10.1122,12.2688
2019-01-25 15:29,8.7687,10.6254
2019-01-25 15:30,16.0221,11.6343
2019-01-25 15:31,16.7673,13.8527
2019-01-25 15:32,16.6482,16.4792
2019-01-25 15:33,8.7562,14.0572
2019-01-25 15:34,10.4156,11.94
2019-01-25 15:35,7.5407,8.9042
2019-01-25 15:36,11.5289,9.8284
2019-01-25 15:37,40.078,19.7159
2019-01-25 15:38,71.8252,41.1441
2019-01-25 15:39,99.3393,70.4142
2019-01-25 15:40,98.5005,89.8884
2019-01-25 15:41,98.7395,98.8598
2019-01-25 15:42,91.4671,96.2357
2019-01-25 15:43,82.3958,90.8675
2019-01-25 15:44,62.8183,78.8938
2019-01-25 15:45,47.4243,64.2128
2019-01-25 15:46,40.3272,50.19
2019-01-25 15:47,60.3264,49.3593
2019-01-25 15:48,62.9934,54.549
2019-01-25 15:49,75.0006,66.1068
2019-01-25 15:50,75.0006,70.9982
2019-01-25 15:51,93.4858,81.1624
2019-01-25 15:52,89.2906,85.9257
2019-01-25 15:53,87.7589,90.1784
2019-01-25 15:54,66.3569,81.1355
2019-01-25 15:55,54.7179,69.6112
2019-01-25 15:56,34.0274,51.7007
2019-01-25 15:57,34.7214,41.1556
2019-01-25 15:58,34.7235,34.4908
2019-01-25 15:59,23.6124,31.0191
2019-01-25 16:00,16.3775,24.9045
