date,SMA
2019-01-23 10:50,154.3719
2019-01-23 10:51,154.3639
2019-01-23 10:52,154.3568
2019-01-23 10:53,154.3523
2019-01-23 10:54,154.3445
2019-01-23 10:55,154.3346
2019-01-23 10:56,154.3233
2019-01-23 10:57,154.3135
2019-01-23 10:58,154.3026
2019-01-23 10:59,154.2929
2019-01-23 11:00,154.2845
2019-01-23 11:01,154.2742
2019-01-23 11:02,154.263
2019-01-23 11:03,154.2494
2019-01-23 11:04,154.2359
2019-01-23 11:05,154.2222
2019-01-23 11:06,154.2075
2019-01-23 11:07,154.1946
2019-01-23 11:08,154.1798
2019-01-23 11:09,154.1612
2019-01-23 11:10,154.1427
2019-01-23 11:11,154.123
2019-01-23 11:12,154.1041
2019-01-23 11:13,154.0847
2019-01-23 11:14,154.0655
2019-01-23 11:15,154.0433
2019-01-23 11:16,154.0219
2019-01-23 11:17,153.999
2019-01-23 11:18,153.9754
2019-01-23 11:19,153.9518
2019-01-23 11:20,153.9302
2019-01-23 11:21,153.9094
2019-01-23 11:22,153.888
2019-01-23 11:23,153.8629
2019-01-23 11:24,153.8371
2019-01-23 11:25,153.8089
2019-01-23 11:26,153.783
2019-01-23 11:27,153.7576
2019-01-23 11:28,153.7339
2019-01-23 11:29,153.7101
2019-01-23 11:30,153.688
2019-01-23 11:31,153.6645
2019-01-23 11:32,153.6428
2019-01-23 11:33,153.6217
2019-01-23 11:34,153.6014
2019-01-23 11:35,153.5823
2019-01-23 11:36,153.5612
2019-01-23 11:37,153.5399
2019-01-23 11:38,153.5185
2019-01-23 11:39,153.4997
2019-01-23 11:40,153.4824
2019-01-23 11:41,153.4642
2019-01-23 11:42,153.4457
2019-01-23 11:43,153.428
2019-01-23 11:44,153.4096
2019-01-23 11:45,153.3916
2019-01-23 11:46,153.3728
2019-01-23 11:47,153.3543
2019-01-23 11:48,153.3369
2019-01-23 11:49,153.3209
2019-01-23 11:50,153.3041
2019-01-23 11:51,153.2864
2019-01-23 11:52,153.269
2019-01-23 11:53,153.2478
2019-01-23 11:54,153.225
2019-01-23 11:55,153.2032
2019-01-23 11:56,153.1794
2019-01-23 11:57,153.1584
2019-01-23 11:58,153.1365
2019-01-23 11:59,153.1124
2019-01-23 12:00,153.0915
2019-01-23 12:01,153.0737
2019-01-23 12:02,153.0543
2019-01-23 12:03,153.034
2019-01-23 12:04,153.015
2019-01-23 12:05,152.9958
2019-01-23 12:06,152.9765
2019-01-23 12:07,152.9585
2019-01-23 12:08,152.9389
2019-01-23 12:09,152.9153
2019-01-23 12:10,152.896
2019-01-23 12:11,152.8762
2019-01-23 12:12,152.8558
2019-01-23 12:13,152.8353
2019-01-23 12:14,152.8157
2019-01-23 12:15,152.7952
2019-01-23 12:16,152.7722
2019-01-23 12:17,152.7488
2019-01-23 12:18,152.7289
2019-01-23 12:19,152.7057
2019-01-23 12:20,152.6837
2019-01-23 12:21,152.6634
2019-01-23 12:22,152.645
2019-01-23 12:23,152.629
2019-01-23 12:24,152.6124
2019-01-23 12:25,152.5969
2019-01-23 12:26,152.5793
2019-01-23 12:27,152.5632
2019-01-23 12:28,152.5474
2019-01-23 12:29,152.5324
2019-01-23 12:30,152.5172
2019-01-23 12:31,152.503
2019-01-23 12:32,152.4888
2019-01-23 12:33,152.475
2019-01-23 12:34,152.4628
2019-01-23 12:35,152.4525
2019-01-23 12:36,152.4416
2019-01-23 12:37,152.4336
2019-01-23 12:38,152.4268
2019-01-23 12:39,152.4188
2019-01-23 12:40,152.4114
2019-01-23 12:41,152.4024
2019-01-23 12:42,152.3929
2019-01-23 12:43,152.3874
2019-01-23 12:44,152.3808
2019-01-23 12:45,152.3771
2019-01-23 12:46,152.3732
2019-01-23 12:47,152.37
2019-01-23 12:48,152.3664
2019-01-23 12:49,152.3645
2019-01-23 12:50,152.3605
2019-01-23 12:51,152.356
2019-01-23 12:52,152.353
2019-01-23 12:53,152.3506
2019-01-23 12:54,152.3478
2019-01-23 12:55,152.3412
2019-01-23 12:56,152.3355
2019-01-23 12:57,152.3322
2019-01-23 12:58,152.3303
2019-01-23 12:59,152.3289
2019-01-23 13:00,152.3253
2019-01-23 13:01,152.3228
2019-01-23 13:02,152.3196
2019-01-23 13:03,152.3154
2019-01-23 13:04,152.3096
2019-01-23 13:05,152.3044
2019-01-23 13:06,152.2995
2019-01-23 13:07,152.296
2019-01-23 13:08,152.2905
2019-01-23 13:09,152.2862
2019-01-23 13:10,152.2872
2019-01-23 13:11,152.2878
2019-01-23 13:12,152.2879
2019-01-23 13:13,152.2889
2019-01-23 13:14,152.2903
2019-01-23 13:15,152.2924
2019-01-23 13:16,152.2957
2019-01-23 13:17,152.2975
2019-01-23 13:18,152.3034
2019-01-23 13:19,152.3111
2019-01-23 13:20,152.3176
2019-01-23 13:21,152.3231
2019-01-23 13:22,152.3299
2019-01-23 13:23,152.3371
2019-01-23 13:24,152.3434
2019-01-23 13:25,152.3502
2019-01-23 13:26,152.3588
2019-01-23 13:27,152.3673
2019-01-23 13:28,152.3786
2019-01-23 13:29,152.3929
2019-01-23 13:30,152.4041
2019-01-23 13:31,152.4166
2019-01-23 13:32,152.4313
2019-01-23 13:33,152.446
2019-01-23 13:34,152.4601
2019-01-23 13:35,152.4734
2019-01-23 13:36,152.4901
2019-01-23 13:37,152.5068
2019-01-23 13:38,152.5215
2019-01-23 13:39,152.5376
2019-01-23 13:40,152.5522
2019-01-23 13:41,152.5652
2019-01-23 13:42,152.5766
2019-01-23 13:43,152.5869
2019-01-23 13:44,152.5978
2019-01-23 13:45,152.6076
2019-01-23 13:46,152.6199
2019-01-23 13:47,152.6304
2019-01-23 13:48,152.6408
2019-01-23 13:49,152.6526
2019-01-23 13:50,152.6632
2019-01-23 13:51,152.6731
2019-01-23 13:52,152.6824
2019-01-23 13:53,152.6906
2019-01-23 13:54,152.6995
2019-01-23 13:55,152.7094
2019-01-23 13:56,152.7199
2019-01-23 13:57,152.7291
2019-01-23 13:58,152.7394
2019-01-23 13:59,152.7521
2019-01-23 14:00,152.7636
2019-01-23 14:01,152.778
2019-01-23 14:02,152.7941
2019-01-23 14:03,152.8084
2019-01-23 14:04,152.8244
2019-01-23 14:05,152.8391
2019-01-23 14:06,152.8509
2019-01-23 14:07,152.8638
2019-01-23 14:08,152.8749
2019-01-23 14:09,152.8846
2019-01-23 14:10,152.8958
2019-01-23 14:11,152.904
2019-01-23 14:12,152.9126
2019-01-23 14:13,152.9188
2019-01-23 14:14,152.9242
2019-01-23 14:15,152.9306
2019-01-23 14:16,152.938
2019-01-23 14:17,152.9425
2019-01-23 14:18,152.946
2019-01-23 14:19,152.9477
2019-01-23 14:20,152.9501
2019-01-23 14:21,152.9529
2019-01-23 14:22,152.9576
2019-01-23 14:23,152.9639
2019-01-23 14:24,152.9737
2019-01-23 14:25,152.9829
2019-01-23 14:26,152.9926
2019-01-23 14:27,153.0026
2019-01-23 14:28,153.0169
2019-01-23 14:29,153.0289
2019-01-23 14:30,153.0382
2019-01-23 14:31,153.0469
2019-01-23 14:32,153.0553
2019-01-23 14:33,153.0645
2019-01-23 14:34,153.0729
2019-01-23 14:35,153.0829
2019-01-23 14:36,153.0938
2019-01-23 14:37,153.1035
2019-01-23 14:38,153.1081
2019-01-23 14:39,153.1139
2019-01-23 14:40,153.1193
2019-01-23 14:41,153.1234
2019-01-23 14:42,153.1251
2019-01-23 14:43,153.1277
2019-01-23 14:44,153.1295
2019-01-23 14:45,153.1305
2019-01-23 14:46,153.1276
2019-01-23 14:47,153.1256
2019-01-23 14:48,153.1228
2019-01-23 14:49,153.1221
2019-01-23 14:50,153.1229
2019-01-23 14:51,153.124
2019-01-23 14:52,153.1242
2019-01-23 14:53,153.1241
2019-01-23 14:54,153.1239
2019-01-23 14:55,153.1245
2019-01-23 14:56,153.1224
2019-01-23 14:57,153.1214
2019-01-23 14:58,153.1207
2019-01-23 14:59,153.1215
2019-01-23 15:00,153.122
2019-01-23 15:01,153.1236
2019-01-23 15:02,153.1256
2019-01-23 15:03,153.13
2019-01-23 15:04,153.1337
2019-01-23 15:05,153.1366
2019-01-23 15:06,153.14
2019-01-23 15:07,153.1411
2019-01-23 15:08,153.142
2019-01-23 15:09,153.1412
2019-01-23 15:10,153.1421
2019-01-23 15:11,153.143
2019-01-23 15:12,153.1425
2019-01-23 15:13,153.1449
2019-01-23 15:14,153.1464
2019-01-23 15:15,153.1475
2019-01-23 15:16,153.1491
2019-01-23 15:17,153.1535
2019-01-23 15:18,153.1574
2019-01-23 15:19,153.1599
2019-01-23 15:20,153.1632
2019-01-23 15:21,153.1661
2019-01-23 15:22,153.1672
2019-01-23 15:23,153.1691
2019-01-23 15:24,153.1691
2019-01-23 15:25,153.1696
2019-01-23 15:26,153.1718
2019-01-23 15:27,153.1734
2019-01-23 15:28,153.1751
2019-01-23 15:29,153.1767
2019-01-23 15:30,153.1801
2019-01-23 15:31,153.1858
2019-01-23 15:32,153.1905
2019-01-23 15:33,153.1976
2019-01-23 15:34,153.2039
2019-01-23 15:35,153.2114
2019-01-23 15:36,153.2179
2019-01-23 15:37,153.2274
2019-01-23 15:38,153.2372
2019-01-23 15:39,153.2494
2019-01-23 15:40,153.2603
2019-01-23 15:41,153.2705
2019-01-23 15:42,153.2792
2019-01-23 15:43,153.2877
2019-01-23 15:44,153.2947
2019-01-23 15:45,153.301
2019-01-23 15:46,153.3078
2019-01-23 15:47,153.3152
2019-01-23 15:48,153.3198
2019-01-23 15:49,153.3253
2019-01-23 15:50,153.3311
2019-01-23 15:51,153.3382
2019-01-23 15:52,153.3444
2019-01-23 15:53,153.3493
2019-01-23 15:54,153.3551
2019-01-23 15:55,153.3596
2019-01-23 15:56,153.3645
2019-01-23 15:57,153.37
2019-01-23 15:58,153.3772
2019-01-23 15:59,153.3831
2019-01-23 16:00,153.3933
2019-01-24 09:31,153.4076
2019-01-24 09:32,153.4243
2019-01-24 09:33,153.4388
2019-01-24 09:34,153.4537
2019-01-24 09:35,153.4708
2019-01-24 09:36,153.4901
2019-01-24 09:37,153.5064
2019-01-24 09:38,153.5249
2019-01-24 09:39,153.5404
2019-01-24 09:40,153.5554
2019-01-24 09:41,153.5667
2019-01-24 09:42,153.5744
2019-01-24 09:43,153.5817
2019-01-24 09:44,153.5903
2019-01-24 09:45,153.5993
2019-01-24 09:46,153.6107
2019-01-24 09:47,153.6225
2019-01-24 09:48,153.633
2019-01-24 09:49,153.6409
2019-01-24 09:50,153.6483
2019-01-24 09:51,153.6558
2019-01-24 09:52,153.6628
2019-01-24 09:53,153.6701
2019-01-24 09:54,153.6757
2019-01-24 09:55,153.6782
2019-01-24 09:56,153.6768
2019-01-24 09:57,153.6743
2019-01-24 09:58,153.6743
2019-01-24 09:59,153.6734
2019-01-24 10:00,153.6722
2019-01-24 10:01,153.6667
2019-01-24 10:02,153.6629
2019-01-24 10:03,153.6582
2019-01-24 10:04,153.6541
2019-01-24 10:05,153.6509
2019-01-24 10:06,153.6488
2019-01-24 10:07,153.6451
2019-01-24 10:08,153.642
2019-01-24 10:09,153.6383
2019-01-24 10:10,153.6335
2019-01-24 10:11,153.6262
2019-01-24 10:12,153.6193
2019-01-24 10:13,153.612
2019-01-24 10:14,153.6055
2019-01-24 10:15,153.6001
2019-01-24 10:16,153.5967
2019-01-24 10:17,153.5949
2019-01-24 10:18,153.5934
2019-01-24 10:19,153.5899
2019-01-24 10:20,153.5852
2019-01-24 10:21,153.5829
2019-01-24 10:22,153.5824
2019-01-24 10:23,153.5779
2019-01-24 10:24,153.5725
2019-01-24 10:25,153.5668
2019-01-24 10:26,153.5602
2019-01-24 10:27,153.5545
2019-01-24 10:28,153.5493
2019-01-24 10:29,153.5455
2019-01-24 10:30,153.5435
2019-01-24 10:31,153.5406
2019-01-24 10:32,153.5376
2019-01-24 10:33,153.5337
2019-01-24 10:34,153.5288
2019-01-24 10:35,153.5232
2019-01-24 10:36,153.5153
2019-01-24 10:37,153.5072
2019-01-24 10:38,153.4981
2019-01-24 10:39,153.4881
2019-01-24 10:40,153.4786
2019-01-24 10:41,153.4705
2019-01-24 10:42,153.4624
2019-01-24 10:43,153.4558
2019-01-24 10:44,153.4482
2019-01-24 10:45,153.4401
2019-01-24 10:46,153.4306
2019-01-24 10:47,153.4219
2019-01-24 10:48,153.413
2019-01-24 10:49,153.4015
2019-01-24 10:50,153.3846
2019-01-24 10:51,153.3655
2019-01-24 10:52,153.3426
2019-01-24 10:53,153.322
2019-01-24 10:54,153.302
2019-01-24 10:55,153.2809
2019-01-24 10:56,153.2584
2019-01-24 10:57,153.2374
2019-01-24 10:58,153.2162
2019-01-24 10:59,153.1966
2019-01-24 11:00,153.1738
2019-01-24 11:01,153.1541
2019-01-24 11:02,153.1384
2019-01-24 11:03,153.1231
2019-01-24 11:04,153.1073
2019-01-24 11:05,153.0914
2019-01-24 11:06,153.0715
2019-01-24 11:07,153.0507
2019-01-24 11:08,153.0312
2019-01-24 11:09,153.0148
2019-01-24 11:10,152.9989
2019-01-24 11:11,152.9839
2019-01-24 11:12,152.9665
2019-01-24 11:13,152.943
2019-01-24 11:14,152.9202
2019-01-24 11:15,152.903
2019-01-24 11:16,152.8872
2019-01-24 11:17,152.8754
2019-01-24 11:18,152.8624
2019-01-24 11:19,152.8516
2019-01-24 11:20,152.8396
2019-01-24 11:21,152.8296
2019-01-24 11:22,152.8196
2019-01-24 11:23,152.8105
2019-01-24 11:24,152.8025
2019-01-24 11:25,152.7934
2019-01-24 11:26,152.7816
2019-01-24 11:27,152.7695
2019-01-24 11:28,152.7569
2019-01-24 11:29,152.7468
2019-01-24 11:30,152.7349
2019-01-24 11:31,152.7251
2019-01-24 11:32,152.7146
2019-01-24 11:33,152.7045
2019-01-24 11:34,152.6948
2019-01-24 11:35,152.6842
2019-01-24 11:36,152.6708
2019-01-24 11:37,152.6562
2019-01-24 11:38,152.6431
2019-01-24 11:39,152.633
2019-01-24 11:40,152.6231
2019-01-24 11:41,152.6135
2019-01-24 11:42,152.6011
2019-01-24 11:43,152.592
2019-01-24 11:44,152.5849
2019-01-24 11:45,152.5772
2019-01-24 11:46,152.571
2019-01-24 11:47,152.5632
2019-01-24 11:48,152.5538
2019-01-24 11:49,152.5423
2019-01-24 11:50,152.5322
2019-01-24 11:51,152.5224
2019-01-24 11:52,152.5119
2019-01-24 11:53,152.5036
2019-01-24 11:54,152.4957
2019-01-24 11:55,152.4909
2019-01-24 11:56,152.4903
2019-01-24 11:57,152.4884
2019-01-24 11:58,152.4879
2019-01-24 11:59,152.489
2019-01-24 12:00,152.4881
2019-01-24 12:01,152.4866
2019-01-24 12:02,152.4848
2019-01-24 12:03,152.4839
2019-01-24 12:04,152.4829
2019-01-24 12:05,152.4813
2019-01-24 12:06,152.4771
2019-01-24 12:07,152.4722
2019-01-24 12:08,152.4676
2019-01-24 12:09,152.4661
2019-01-24 12:10,152.4657
2019-01-24 12:11,152.4651
2019-01-24 12:12,152.4659
2019-01-24 12:13,152.4666
2019-01-24 12:14,152.4663
2019-01-24 12:15,152.4663
2019-01-24 12:16,152.4682
2019-01-24 12:17,152.4704
2019-01-24 12:18,152.4718
2019-01-24 12:19,152.4742
2019-01-24 12:20,152.4787
2019-01-24 12:21,152.4814
2019-01-24 12:22,152.4824
2019-01-24 12:23,152.4839
2019-01-24 12:24,152.4856
2019-01-24 12:25,152.4869
2019-01-24 12:26,152.4925
2019-01-24 12:27,152.4979
2019-01-24 12:28,152.5036
2019-01-24 12:29,152.5066
2019-01-24 12:30,152.5093
2019-01-24 12:31,152.5112
2019-01-24 12:32,152.515
2019-01-24 12:33,152.5244
2019-01-24 12:34,152.5351
2019-01-24 12:35,152.5422
2019-01-24 12:36,152.5495
2019-01-24 12:37,152.5524
2019-01-24 12:38,152.5547
2019-01-24 12:39,152.5554
2019-01-24 12:40,152.5577
2019-01-24 12:41,152.5623
2019-01-24 12:42,152.5664
2019-01-24 12:43,152.5694
2019-01-24 12:44,152.5705
2019-01-24 12:45,152.5717
2019-01-24 12:46,152.5727
2019-01-24 12:47,152.5745
2019-01-24 12:48,152.5782
2019-01-24 12:49,152.5802
2019-01-24 12:50,152.5833
2019-01-24 12:51,152.5849
2019-01-24 12:52,152.5865
2019-01-24 12:53,152.5857
2019-01-24 12:54,152.5848
2019-01-24 12:55,152.583
2019-01-24 12:56,152.5823
2019-01-24 12:57,152.5814
2019-01-24 12:58,152.58
2019-01-24 12:59,152.5775
2019-01-24 13:00,152.5733
2019-01-24 13:01,152.5678
2019-01-24 13:02,152.5631
2019-01-24 13:03,152.5581
2019-01-24 13:04,152.5516
2019-01-24 13:05,152.5453
2019-01-24 13:06,152.5397
2019-01-24 13:07,152.5351
2019-01-24 13:08,152.5316
2019-01-24 13:09,152.5265
2019-01-24 13:10,152.5206
2019-01-24 13:11,152.5127
2019-01-24 13:12,152.5058
2019-01-24 13:13,152.4988
2019-01-24 13:14,152.4941
2019-01-24 13:15,152.4872
2019-01-24 13:16,152.4781
2019-01-24 13:17,152.4701
2019-01-24 13:18,152.4621
2019-01-24 13:19,152.4531
2019-01-24 13:20,152.4453
2019-01-24 13:21,152.4378
2019-01-24 13:22,152.4321
2019-01-24 13:23,152.4248
2019-01-24 13:24,152.4177
2019-01-24 13:25,152.4117
2019-01-24 13:26,152.4075
2019-01-24 13:27,152.4026
2019-01-24 13:28,152.3997
2019-01-24 13:29,152.3954
2019-01-24 13:30,152.3915
2019-01-24 13:31,152.3877
2019-01-24 13:32,152.3818
2019-01-24 13:33,152.3764
2019-01-24 13:34,152.3723
2019-01-24 13:35,152.3682
2019-01-24 13:36,152.3624
2019-01-24 13:37,152.3571
2019-01-24 13:38,152.3501
2019-01-24 13:39,152.3421
2019-01-24 13:40,152.3347
2019-01-24 13:41,152.3281
2019-01-24 13:42,152.3222
2019-01-24 13:43,152.3167
2019-01-24 13:44,152.3079
2019-01-24 13:45,152.2987
2019-01-24 13:46,152.2874
2019-01-24 13:47,152.2764
2019-01-24 13:48,152.2651
2019-01-24 13:49,152.2558
2019-01-24 13:50,152.247
2019-01-24 13:51,152.2375
2019-01-24 13:52,152.2295
2019-01-24 13:53,152.221
2019-01-24 13:54,152.2113
2019-01-24 13:55,152.202
2019-01-24 13:56,152.1934
2019-01-24 13:57,152.1879
2019-01-24 13:58,152.184
2019-01-24 13:59,152.1804
2019-01-24 14:00,152.1769
2019-01-24 14:01,152.1723
2019-01-24 14:02,152.167
2019-01-24 14:03,152.162
2019-01-24 14:04,152.1565
2019-01-24 14:05,152.152
2019-01-24 14:06,152.149
2019-01-24 14:07,152.1458
2019-01-24 14:08,152.1419
2019-01-24 14:09,152.1384
2019-01-24 14:10,152.135
2019-01-24 14:11,152.1327
2019-01-24 14:12,152.13
2019-01-24 14:13,152.1285
2019-01-24 14:14,152.1269
2019-01-24 14:15,152.1247
2019-01-24 14:16,152.1226
2019-01-24 14:17,152.1195
2019-01-24 14:18,152.115
2019-01-24 14:19,152.1105
2019-01-24 14:20,152.107
2019-01-24 14:21,152.1035
2019-01-24 14:22,152.1004
2019-01-24 14:23,152.0974
2019-01-24 14:24,152.0949
2019-01-24 14:25,152.0924
2019-01-24 14:26,152.0886
2019-01-24 14:27,152.0841
2019-01-24 14:28,152.0784
2019-01-24 14:29,152.0747
2019-01-24 14:30,152.07
2019-01-24 14:31,152.0673
2019-01-24 14:32,152.0653
2019-01-24 14:33,152.0625
2019-01-24 14:34,152.058
2019-01-24 14:35,152.0527
2019-01-24 14:36,152.0475
2019-01-24 14:37,152.0424
2019-01-24 14:38,152.04
2019-01-24 14:39,152.0375
2019-01-24 14:40,152.0338
2019-01-24 14:41,152.0293
2019-01-24 14:42,152.0237
2019-01-24 14:43,152.0186
2019-01-24 14:44,152.0142
2019-01-24 14:45,152.0104
2019-01-24 14:46,152.0076
2019-01-24 14:47,152.0039
2019-01-24 14:48,151.9989
2019-01-24 14:49,151.9947
2019-01-24 14:50,151.9903
2019-01-24 14:51,151.987
2019-01-24 14:52,151.9856
2019-01-24 14:53,151.9848
2019-01-24 14:54,151.9842
2019-01-24 14:55,151.9843
2019-01-24 14:56,151.9859
2019-01-24 14:57,151.9862
2019-01-24 14:58,151.988
2019-01-24 14:59,151.9902
2019-01-24 15:00,151.9923
2019-01-24 15:01,151.9933
2019-01-24 15:02,151.9946
2019-01-24 15:03,151.9962
2019-01-24 15:04,152.0005
2019-01-24 15:05,152.0051
2019-01-24 15:06,152.0115
2019-01-24 15:07,152.0188
2019-01-24 15:08,152.0259
2019-01-24 15:09,152.0327
2019-01-24 15:10,152.0385
2019-01-24 15:11,152.0448
2019-01-24 15:12,152.0497
2019-01-24 15:13,152.055
2019-01-24 15:14,152.0605
2019-01-24 15:15,152.0659
2019-01-24 15:16,152.0729
2019-01-24 15:17,152.0802
2019-01-24 15:18,152.0849
2019-01-24 15:19,152.0897
2019-01-24 15:20,152.0947
2019-01-24 15:21,152.0995
2019-01-24 15:22,152.1054
2019-01-24 15:23,152.1106
2019-01-24 15:24,152.1168
2019-01-24 15:25,152.1218
2019-01-24 15:26,152.1262
2019-01-24 15:27,152.1306
2019-01-24 15:28,152.1334
2019-01-24 15:29,152.1356
2019-01-24 15:30,152.1386
2019-01-24 15:31,152.1413
2019-01-24 15:32,152.1445
2019-01-24 15:33,152.147
2019-01-24 15:34,152.1491
2019-01-24 15:35,152.1515
2019-01-24 15:36,152.1528
2019-01-24 15:37,152.1553
2019-01-24 15:38,152.1589
2019-01-24 15:39,152.1619
2019-01-24 15:40,152.1642
2019-01-24 15:41,152.1658
2019-01-24 15:42,152.1676
2019-01-24 15:43,152.1696
2019-01-24 15:44,152.1725
2019-01-24 15:45,152.1754
2019-01-24 15:46,152.1785
2019-01-24 15:47,152.1822
2019-01-24 15:48,152.1864
2019-01-24 15:49,152.1909
2019-01-24 15:50,152.1958
2019-01-24 15:51,152.2026
2019-01-24 15:52,152.2091
2019-01-24 15:53,152.216
2019-01-24 15:54,152.223
2019-01-24 15:55,152.231
2019-01-24 15:56,152.2419
2019-01-24 15:57,152.2522
2019-01-24 15:58,152.2589
2019-01-24 15:59,152.2663
2019-01-24 16:00,152.2748
2019-01-25 09:31,152.3127
2019-01-25 09:32,152.3464
2019-01-25 09:33,152.379
2019-01-25 09:34,152.4114
2019-01-25 09:35,152.4454
2019-01-25 09:36,152.4824
2019-01-25 09:37,152.5203
2019-01-25 09:38,152.5562
2019-01-25 09:39,152.5953
2019-01-25 09:40,152.6365
2019-01-25 09:41,152.6771
2019-01-25 09:42,152.7174
2019-01-25 09:43,152.7558
2019-01-25 09:44,152.7943
2019-01-25 09:45,152.8319
2019-01-25 09:46,152.871
2019-01-25 09:47,152.9112
2019-01-25 09:48,152.9543
2019-01-25 09:49,152.9975
2019-01-25 09:50,153.0408
2019-01-25 09:51,153.0879
2019-01-25 09:52,153.1349
2019-01-25 09:53,153.1827
2019-01-25 09:54,153.2318
2019-01-25 09:55,153.2796
2019-01-25 09:56,153.3234
2019-01-25 09:57,153.3659
2019-01-25 09:58,153.4098
2019-01-25 09:59,153.4561
2019-01-25 10:00,153.505
2019-01-25 10:01,153.5548
2019-01-25 10:02,153.6062
2019-01-25 10:03,153.6559
2019-01-25 10:04,153.7059
2019-01-25 10:05,153.7567
2019-01-25 10:06,153.8082
2019-01-25 10:07,153.8622
2019-01-25 10:08,153.9178
2019-01-25 10:09,153.9741
2019-01-25 10:10,154.0309
2019-01-25 10:11,154.0864
2019-01-25 10:12,154.1426
2019-01-25 10:13,154.2005
2019-01-25 10:14,154.2585
2019-01-25 10:15,154.3154
2019-01-25 10:16,154.3702
2019-01-25 10:17,154.4228
2019-01-25 10:18,154.4772
2019-01-25 10:19,154.5323
2019-01-25 10:20,154.5863
2019-01-25 10:21,154.6409
2019-01-25 10:22,154.6937
2019-01-25 10:23,154.7478
2019-01-25 10:24,154.8025
2019-01-25 10:25,154.857
2019-01-25 10:26,154.9114
2019-01-25 10:27,154.9679
2019-01-25 10:28,155.0238
2019-01-25 10:29,155.0804
2019-01-25 10:30,155.1382
2019-01-25 10:31,155.1971
2019-01-25 10:32,155.2555
2019-01-25 10:33,155.3125
2019-01-25 10:34,155.3687
2019-01-25 10:35,155.4266
2019-01-25 10:36,155.4837
2019-01-25 10:37,155.5406
2019-01-25 10:38,155.5985
2019-01-25 10:39,155.6579
2019-01-25 10:40,155.7162
2019-01-25 10:41,155.7742
2019-01-25 10:42,155.8331
2019-01-25 10:43,155.8929
2019-01-25 10:44,155.9521
2019-01-25 10:45,156.0119
2019-01-25 10:46,156.0682
2019-01-25 10:47,156.1231
2019-01-25 10:48,156.1783
2019-01-25 10:49,156.2342
2019-01-25 10:50,156.2878
2019-01-25 10:51,156.3124
2019-01-25 10:52,156.3421
2019-01-25 10:53,156.3742
2019-01-25 10:54,156.4042
2019-01-25 10:55,156.4334
2019-01-25 10:56,156.4599
2019-01-25 10:57,156.4865
2019-01-25 10:58,156.5153
2019-01-25 10:59,156.5416
2019-01-25 11:00,156.566
2019-01-25 11:01,156.5902
2019-01-25 11:02,156.6136
2019-01-25 11:03,156.636
2019-01-25 11:04,156.6574
2019-01-25 11:05,156.6789
2019-01-25 11:06,156.6984
2019-01-25 11:07,156.7169
2019-01-25 11:08,156.7324
2019-01-25 11:09,156.748
2019-01-25 11:10,156.7628
2019-01-25 11:11,156.7754
2019-01-25 11:12,156.7866
2019-01-25 11:13,156.7964
2019-01-25 11:14,156.8036
2019-01-25 11:15,156.8111
2019-01-25 11:16,156.8197
2019-01-25 11:17,156.8286
2019-01-25 11:18,156.837
2019-01-25 11:19,156.8422
2019-01-25 11:20,156.8456
2019-01-25 11:21,156.8489
2019-01-25 11:22,156.8494
2019-01-25 11:23,156.8506
2019-01-25 11:24,156.8496
2019-01-25 11:25,156.8489
2019-01-25 11:26,156.8477
2019-01-25 11:27,156.8432
2019-01-25 11:28,156.8356
2019-01-25 11:29,156.8293
2019-01-25 11:30,156.8219
2019-01-25 11:31,156.8179
2019-01-25 11:32,156.8131
2019-01-25 11:33,156.8071
2019-01-25 11:34,156.8006
2019-01-25 11:35,156.7963
2019-01-25 11:36,156.7949
2019-01-25 11:37,156.7954
2019-01-25 11:38,156.7964
2019-01-25 11:39,156.7968
2019-01-25 11:40,156.7974
2019-01-25 11:41,156.7978
2019-01-25 11:42,156.7991
2019-01-25 11:43,156.8008
2019-01-25 11:44,156.8037
2019-01-25 11:45,156.8083
2019-01-25 11:46,156.8137
2019-01-25 11:47,156.8161
2019-01-25 11:48,156.8195
2019-01-25 11:49,156.8229
2019-01-25 11:50,156.8261
2019-01-25 11:51,156.8282
2019-01-25 11:52,156.8308
2019-01-25 11:53,156.8348
2019-01-25 11:54,156.8396
2019-01-25 11:55,156.8427
2019-01-25 11:56,156.8462
2019-01-25 11:57,156.8483
2019-01-25 11:58,156.8487
2019-01-25 11:59,156.8482
2019-01-25 12:00,156.849
2019-01-25 12:01,156.8488
2019-01-25 12:02,156.8474
2019-01-25 12:03,156.8443
2019-01-25 12:04,156.8415
2019-01-25 12:05,156.8378
2019-01-25 12:06,156.8349
2019-01-25 12:07,156.8334
2019-01-25 12:08,156.832
2019-01-25 12:09,156.8295
2019-01-25 12:10,156.8273
2019-01-25 12:11,156.8252
2019-01-25 12:12,156.8221
2019-01-25 12:13,156.8178
2019-01-25 12:14,156.8145
2019-01-25 12:15,156.8101
2019-01-25 12:16,156.8053
2019-01-25 12:17,156.8013
2019-01-25 12:18,156.7961
2019-01-25 12:19,156.7891
2019-01-25 12:20,156.783
2019-01-25 12:21,156.7763
2019-01-25 12:22,156.7718
2019-01-25 12:23,156.769
2019-01-25 12:24,156.7666
2019-01-25 12:25,156.7654
2019-01-25 12:26,156.7658
2019-01-25 12:27,156.7666
2019-01-25 12:28,156.7678
2019-01-25 12:29,156.768
2019-01-25 12:30,156.7687
2019-01-25 12:31,156.7689
2019-01-25 12:32,156.7699
2019-01-25 12:33,156.7709
2019-01-25 12:34,156.7751
2019-01-25 12:35,156.78
2019-01-25 12:36,156.7862
2019-01-25 12:37,156.7927
2019-01-25 12:38,156.7978
2019-01-25 12:39,156.8038
2019-01-25 12:40,156.8114
2019-01-25 12:41,156.8173
2019-01-25 12:42,156.8244
2019-01-25 12:43,156.8318
2019-01-25 12:44,156.841
2019-01-25 12:45,156.849
2019-01-25 12:46,156.8548
2019-01-25 12:47,156.8585
2019-01-25 12:48,156.8648
2019-01-25 12:49,156.8689
2019-01-25 12:50,156.8734
2019-01-25 12:51,156.8767
2019-01-25 12:52,156.8773
2019-01-25 12:53,156.8791
2019-01-25 12:54,156.8812
2019-01-25 12:55,156.8829
2019-01-25 12:56,156.8842
2019-01-25 12:57,156.8847
2019-01-25 12:58,156.884
2019-01-25 12:59,156.8848
2019-01-25 13:00,156.8863
2019-01-25 13:01,156.8879
2019-01-25 13:02,156.891
2019-01-25 13:03,156.8932
2019-01-25 13:04,156.894
2019-01-25 13:05,156.8921
2019-01-25 13:06,156.8903
2019-01-25 13:07,156.8886
2019-01-25 13:08,156.8866
2019-01-25 13:09,156.8847
2019-01-25 13:10,156.8828
2019-01-25 13:11,156.8796
2019-01-25 13:12,156.8757
2019-01-25 13:13,156.8729
2019-01-25 13:14,156.8701
2019-01-25 13:15,156.8675
2019-01-25 13:16,156.8651
2019-01-25 13:17,156.8639
2019-01-25 13:18,156.8639
2019-01-25 13:19,156.8622
2019-01-25 13:20,156.8596
2019-01-25 13:21,156.8582
2019-01-25 13:22,156.8577
2019-01-25 13:23,156.857
2019-01-25 13:24,156.8575
2019-01-25 13:25,156.8603
2019-01-25 13:26,156.8637
2019-01-25 13:27,156.867
2019-01-25 13:28,156.8701
2019-01-25 13:29,156.8733
2019-01-25 13:30,156.8772
2019-01-25 13:31,156.8819
2019-01-25 13:32,156.8872
2019-01-25 13:33,156.8933
2019-01-25 13:34,156.9009
2019-01-25 13:35,156.9097
2019-01-25 13:36,156.9189
2019-01-25 13:37,156.9282
2019-01-25 13:38,156.9378
2019-01-25 13:39,156.9472
2019-01-25 13:40,156.956
2019-01-25 13:41,156.9652
2019-01-25 13:42,156.973
2019-01-25 13:43,156.9807
2019-01-25 13:44,156.9889
2019-01-25 13:45,156.9961
2019-01-25 13:46,157.0016
2019-01-25 13:47,157.008
2019-01-25 13:48,157.0145
2019-01-25 13:49,157.0205
2019-01-25 13:50,157.0277
2019-01-25 13:51,157.0349
2019-01-25 13:52,157.0423
2019-01-25 13:53,157.0497
2019-01-25 13:54,157.056
2019-01-25 13:55,157.0625
2019-01-25 13:56,157.0692
2019-01-25 13:57,157.0753
2019-01-25 13:58,157.0818
2019-01-25 13:59,157.0882
2019-01-25 14:00,157.0933
2019-01-25 14:01,157.1
2019-01-25 14:02,157.1055
2019-01-25 14:03,157.1117
2019-01-25 14:04,157.118
2019-01-25 14:05,157.1263
2019-01-25 14:06,157.1363
2019-01-25 14:07,157.1502
2019-01-25 14:08,157.165
2019-01-25 14:09,157.1804
2019-01-25 14:10,157.1956
2019-01-25 14:11,157.2101
2019-01-25 14:12,157.2265
2019-01-25 14:13,157.2407
2019-01-25 14:14,157.2548
2019-01-25 14:15,157.2678
2019-01-25 14:16,157.2796
2019-01-25 14:17,157.2942
2019-01-25 14:18,157.3057
2019-01-25 14:19,157.3193
2019-01-25 14:20,157.3332
2019-01-25 14:21,157.3468
2019-01-25 14:22,157.3575
2019-01-25 14:23,157.367
2019-01-25 14:24,157.377
2019-01-25 14:25,157.3876
2019-01-25 14:26,157.3981
2019-01-25 14:27,157.4084
2019-01-25 14:28,157.4157
2019-01-25 14:29,157.4227
2019-01-25 14:30,157.4301
2019-01-25 14:31,157.4389
2019-01-25 14:32,157.448
2019-01-25 14:33,157.4568
2019-01-25 14:34,157.4647
2019-01-25 14:35,157.4728
2019-01-25 14:36,157.4813
2019-01-25 14:37,157.4889
2019-01-25 14:38,157.4966
2019-01-25 14:39,157.5058
2019-01-25 14:40,157.5171
2019-01-25 14:41,157.5273
2019-01-25 14:42,157.5371
2019-01-25 14:43,157.5468
2019-01-25 14:44,157.5577
2019-01-25 14:45,157.5664
2019-01-25 14:46,157.5737
2019-01-25 14:47,157.5808
2019-01-25 14:48,157.5875
2019-01-25 14:49,157.5941
2019-01-25 14:50,157.5994
2019-01-25 14:51,157.6034
2019-01-25 14:52,157.6073
2019-01-25 14:53,157.6114
2019-01-25 14:54,157.6154
2019-01-25 14:55,157.6193
2019-01-25 14:56,157.6227
2019-01-25 14:57,157.6247
2019-01-25 14:58,157.6257
2019-01-25 14:59,157.6283
2019-01-25 15:00,157.6311
2019-01-25 15:01,157.6323
2019-01-25 15:02,157.6352
2019-01-25 15:03,157.6383
2019-01-25 15:04,157.6399
2019-01-25 15:05,157.6417
2019-01-25 15:06,157.6437
2019-01-25 15:07,157.644
2019-01-25 15:08,157.6438
2019-01-25 15:09,157.6423
2019-01-25 15:10,157.6406
2019-01-25 15:11,157.64
2019-01-25 15:12,157.6396
2019-01-25 15:13,157.639
2019-01-25 15:14,157.6372
2019-01-25 15:15,157.636
2019-01-25 15:16,157.6349
2019-01-25 15:17,157.6347
2019-01-25 15:18,157.636
2019-01-25 15:19,157.6374
2019-01-25 15:20,157.6395
2019-01-25 15:21,157.641
2019-01-25 15:22,157.6429
2019-01-25 15:23,157.6454
2019-01-25 15:24,157.6466
2019-01-25 15:25,157.6474
2019-01-25 15:26,157.6481
2019-01-25 15:27,157.6481
2019-01-25 15:28,157.6453
2019-01-25 15:29,157.6416
2019-01-25 15:30,157.6364
2019-01-25 15:31,157.6315
2019-01-25 15:32,157.6261
2019-01-25 15:33,157.6201
2019-01-25 15:34,157.6146
2019-01-25 15:35,157.611
2019-01-25 15:36,157.6049
2019-01-25 15:37,157.5974
2019-01-25 15:38,157.5923
2019-01-25 15:39,157.5849
2019-01-25 15:40,157.5783
2019-01-25 15:41,157.5724
2019-01-25 15:42,157.5704
2019-01-25 15:43,157.5688
2019-01-25 15:44,157.5676
2019-01-25 15:45,157.5669
2019-01-25 15:46,157.5668
2019-01-25 15:47,157.5677
2019-01-25 15:48,157.5696
2019-01-25 15:49,157.5722
2019-01-25 15:50,157.5749
2019-01-25 15:51,157.5775
2019-01-25 15:52,157.5797
2019-01-25 15:53,157.5808
2019-01-25 15:54,157.5838
2019-01-25 15:55,157.587
2019-01-25 15:56,157.589
2019-01-25 15:57,157.592
2019-01-25 15:58,157.594
2019-01-25 15:59,157.5934
2019-01-25 16:00,157.5938
2019-01-28 09:31,157.5602
2019-01-28 09:32,157.5317
2019-01-28 09:33,157.4991
2019-01-28 09:34,157.4586
2019-01-28 09:35,157.4207
2019-01-28 09:36,157.3871
2019-01-28 09:37,157.3513
2019-01-28 09:38,157.3161
2019-01-28 09:39,157.2816
2019-01-28 09:40,157.2476
2019-01-28 09:41,157.2135
2019-01-28 09:42,157.1805
2019-01-28 09:43,157.1464
2019-01-28 09:44,157.1129
2019-01-28 09:45,157.0774
2019-01-28 09:46,157.0411
2019-01-28 09:47,157.0044
2019-01-28 09:48,156.9666
2019-01-28 09:49,156.9281
2019-01-28 09:50,156.8855
2019-01-28 09:51,156.842
2019-01-28 09:52,156.7989
2019-01-28 09:53,156.7519
2019-01-28 09:54,156.7076
2019-01-28 09:55,156.6603
2019-01-28 09:56,156.6151
2019-01-28 09:57,156.5717
2019-01-28 09:58,156.5328
2019-01-28 09:59,156.4969
2019-01-28 10:00,156.4622
2019-01-28 10:01,156.4247
2019-01-28 10:02,156.3903
2019-01-28 10:03,156.357
2019-01-28 10:04,156.3261
2019-01-28 10:05,156.2924
2019-01-28 10:06,156.2621
2019-01-28 10:07,156.2334
2019-01-28 10:08,156.2049
2019-01-28 10:09,156.1786
2019-01-28 10:10,156.1511
2019-01-28 10:11,156.1224
2019-01-28 10:12,156.0937
2019-01-28 10:13,156.0636
2019-01-28 10:14,156.0336
2019-01-28 10:15,156.0011
2019-01-28 10:16,155.9707
2019-01-28 10:17,155.9407
2019-01-28 10:18,155.9123
2019-01-28 10:19,155.884
2019-01-28 10:20,155.8585
2019-01-28 10:21,155.8331
2019-01-28 10:22,155.8094
2019-01-28 10:23,155.7874
2019-01-28 10:24,155.7635
2019-01-28 10:25,155.7383
2019-01-28 10:26,155.7146
2019-01-28 10:27,155.6896
2019-01-28 10:28,155.665
2019-01-28 10:29,155.6396
2019-01-28 10:30,155.6125
2019-01-28 10:31,155.5831
2019-01-28 10:32,155.5528
2019-01-28 10:33,155.5226
2019-01-28 10:34,155.4912
2019-01-28 10:35,155.4587
2019-01-28 10:36,155.4256
2019-01-28 10:37,155.392
2019-01-28 10:38,155.3576
2019-01-28 10:39,155.3253
2019-01-28 10:40,155.2903
2019-01-28 10:41,155.2593
2019-01-28 10:42,155.2283
2019-01-28 10:43,155.1993
2019-01-28 10:44,155.1691
2019-01-28 10:45,155.1354
2019-01-28 10:46,155.1014
2019-01-28 10:47,155.066
2019-01-28 10:48,155.0299
2019-01-28 10:49,154.994
2019-01-28 10:50,154.9536
2019-01-28 10:51,154.9477
2019-01-28 10:52,154.9358
2019-01-28 10:53,154.9275
2019-01-28 10:54,154.9264
2019-01-28 10:55,154.9233
2019-01-28 10:56,154.9163
2019-01-28 10:57,154.9123
2019-01-28 10:58,154.9087
2019-01-28 10:59,154.9041
2019-01-28 11:00,154.898
2019-01-28 11:01,154.8943
2019-01-28 11:02,154.8881
2019-01-28 11:03,154.8818
2019-01-28 11:04,154.8735
2019-01-28 11:05,154.8662
2019-01-28 11:06,154.8616
2019-01-28 11:07,154.8566
2019-01-28 11:08,154.8542
2019-01-28 11:09,154.8531
2019-01-28 11:10,154.857
2019-01-28 11:11,154.8634
2019-01-28 11:12,154.8718
2019-01-28 11:13,154.8841
2019-01-28 11:14,154.8965
2019-01-28 11:15,154.9113
2019-01-28 11:16,154.924
2019-01-28 11:17,154.936
2019-01-28 11:18,154.9424
2019-01-28 11:19,154.9467
2019-01-28 11:20,154.9494
2019-01-28 11:21,154.9556
2019-01-28 11:22,154.9582
2019-01-28 11:23,154.9599
2019-01-28 11:24,154.96
2019-01-28 11:25,154.9645
2019-01-28 11:26,154.9654
2019-01-28 11:27,154.9632
2019-01-28 11:28,154.9589
2019-01-28 11:29,154.9509
2019-01-28 11:30,154.942
2019-01-28 11:31,154.9347
2019-01-28 11:32,154.9282
2019-01-28 11:33,154.9245
2019-01-28 11:34,154.9196
2019-01-28 11:35,154.9172
2019-01-28 11:36,154.9118
2019-01-28 11:37,154.907
2019-01-28 11:38,154.8999
2019-01-28 11:39,154.8931
2019-01-28 11:40,154.8854
2019-01-28 11:41,154.8778
2019-01-28 11:42,154.8693
2019-01-28 11:43,154.8613
2019-01-28 11:44,154.8542
2019-01-28 11:45,154.8473
2019-01-28 11:46,154.8433
2019-01-28 11:47,154.8391
2019-01-28 11:48,154.8304
2019-01-28 11:49,154.8224
2019-01-28 11:50,154.815
2019-01-28 11:51,154.8087
2019-01-28 11:52,154.8022
2019-01-28 11:53,154.7959
2019-01-28 11:54,154.7885
2019-01-28 11:55,154.7815
2019-01-28 11:56,154.7745
2019-01-28 11:57,154.7691
2019-01-28 11:58,154.7669
2019-01-28 11:59,154.7615
2019-01-28 12:00,154.7562
2019-01-28 12:01,154.748
2019-01-28 12:02,154.7392
2019-01-28 12:03,154.7291
2019-01-28 12:04,154.7194
2019-01-28 12:05,154.7156
2019-01-28 12:06,154.7136
2019-01-28 12:07,154.7119
2019-01-28 12:08,154.7105
2019-01-28 12:09,154.7119
2019-01-28 12:10,154.7162
2019-01-28 12:11,154.7189
2019-01-28 12:12,154.7227
2019-01-28 12:13,154.7262
2019-01-28 12:14,154.7284
2019-01-28 12:15,154.7288
2019-01-28 12:16,154.7322
2019-01-28 12:17,154.7351
2019-01-28 12:18,154.738
2019-01-28 12:19,154.7408
2019-01-28 12:20,154.7451
2019-01-28 12:21,154.7484
2019-01-28 12:22,154.7543
2019-01-28 12:23,154.7613
2019-01-28 12:24,154.7689
2019-01-28 12:25,154.7771
2019-01-28 12:26,154.7843
2019-01-28 12:27,154.7919
2019-01-28 12:28,154.7995
2019-01-28 12:29,154.8067
2019-01-28 12:30,154.8133
2019-01-28 12:31,154.8198
2019-01-28 12:32,154.8232
2019-01-28 12:33,154.8257
2019-01-28 12:34,154.826
2019-01-28 12:35,154.8268
2019-01-28 12:36,154.8272
2019-01-28 12:37,154.8269
2019-01-28 12:38,154.8263
2019-01-28 12:39,154.8286
2019-01-28 12:40,154.8314
2019-01-28 12:41,154.8325
2019-01-28 12:42,154.8338
2019-01-28 12:43,154.8351
2019-01-28 12:44,154.8365
2019-01-28 12:45,154.8342
2019-01-28 12:46,154.8317
2019-01-28 12:47,154.8295
2019-01-28 12:48,154.8277
2019-01-28 12:49,154.8276
2019-01-28 12:50,154.8288
2019-01-28 12:51,154.83
2019-01-28 12:52,154.8307
2019-01-28 12:53,154.8295
2019-01-28 12:54,154.8312
2019-01-28 12:55,154.832
2019-01-28 12:56,154.8328
2019-01-28 12:57,154.8327
2019-01-28 12:58,154.8348
2019-01-28 12:59,154.8349
2019-01-28 13:00,154.8342
2019-01-28 13:01,154.8338
2019-01-28 13:02,154.834
2019-01-28 13:03,154.833
2019-01-28 13:04,154.8324
2019-01-28 13:05,154.832
2019-01-28 13:06,154.83
2019-01-28 13:07,154.8302
2019-01-28 13:08,154.8352
2019-01-28 13:09,154.8405
2019-01-28 13:10,154.8451
2019-01-28 13:11,154.8512
2019-01-28 13:12,154.8558
2019-01-28 13:13,154.8626
2019-01-28 13:14,154.8723
2019-01-28 13:15,154.8831
2019-01-28 13:16,154.8936
2019-01-28 13:17,154.9018
2019-01-28 13:18,154.909
2019-01-28 13:19,154.9178
2019-01-28 13:20,154.9279
2019-01-28 13:21,154.9375
2019-01-28 13:22,154.9493
2019-01-28 13:23,154.9604
2019-01-28 13:24,154.9725
2019-01-28 13:25,154.9839
2019-01-28 13:26,154.9966
2019-01-28 13:27,155.0097
2019-01-28 13:28,155.0229
2019-01-28 13:29,155.0349
2019-01-28 13:30,155.0443
2019-01-28 13:31,155.0551
2019-01-28 13:32,155.0667
2019-01-28 13:33,155.0796
2019-01-28 13:34,155.0925
2019-01-28 13:35,155.1076
2019-01-28 13:36,155.1193
2019-01-28 13:37,155.1307
2019-01-28 13:38,155.1423
2019-01-28 13:39,155.1548
2019-01-28 13:40,155.1679
2019-01-28 13:41,155.1792
2019-01-28 13:42,155.1894
2019-01-28 13:43,155.199
2019-01-28 13:44,155.2095
2019-01-28 13:45,155.2187
2019-01-28 13:46,155.2276
2019-01-28 13:47,155.2372
2019-01-28 13:48,155.2466
2019-01-28 13:49,155.2575
2019-01-28 13:50,155.2687
2019-01-28 13:51,155.279
2019-01-28 13:52,155.2875
2019-01-28 13:53,155.2975
2019-01-28 13:54,155.3073
2019-01-28 13:55,155.3165
2019-01-28 13:56,155.3266
2019-01-28 13:57,155.336
2019-01-28 13:58,155.3472
2019-01-28 13:59,155.3579
2019-01-28 14:00,155.3667
2019-01-28 14:01,155.3767
2019-01-28 14:02,155.3868
2019-01-28 14:03,155.3978
2019-01-28 14:04,155.4093
2019-01-28 14:05,155.4202
2019-01-28 14:06,155.4313
2019-01-28 14:08,155.4428
2019-01-28 14:09,155.4546
2019-01-28 14:10,155.4668
2019-01-28 14:11,155.4776
2019-01-28 14:12,155.4868
2019-01-28 14:13,155.4974
2019-01-28 14:14,155.5085
2019-01-28 14:15,155.5192
2019-01-28 14:16,155.5294
2019-01-28 14:17,155.541
2019-01-28 14:18,155.5509
2019-01-28 14:19,155.5611
2019-01-28 14:20,155.5741
2019-01-28 14:21,155.5883
2019-01-28 14:22,155.6013
2019-01-28 14:23,155.6114
2019-01-28 14:24,155.6209
2019-01-28 14:25,155.6306
2019-01-28 14:26,155.639
2019-01-28 14:27,155.647
2019-01-28 14:28,155.6555
2019-01-28 14:29,155.664
2019-01-28 14:30,155.6718
2019-01-28 14:31,155.6816
2019-01-28 14:32,155.6907
2019-01-28 14:33,155.6992
2019-01-28 14:34,155.7071
2019-01-28 14:35,155.7146
2019-01-28 14:36,155.722
2019-01-28 14:37,155.7293
2019-01-28 14:38,155.7366
2019-01-28 14:39,155.7437
2019-01-28 14:40,155.7506
2019-01-28 14:41,155.7572
2019-01-28 14:42,155.762
2019-01-28 14:43,155.7645
2019-01-28 14:44,155.7676
2019-01-28 14:45,155.7699
2019-01-28 14:46,155.7717
2019-01-28 14:47,155.7724
2019-01-28 14:48,155.7738
2019-01-28 14:49,155.7772
2019-01-28 14:50,155.7804
2019-01-28 14:51,155.7881
2019-01-28 14:52,155.7959
2019-01-28 14:53,155.8016
2019-01-28 14:54,155.8062
2019-01-28 14:55,155.8113
2019-01-28 14:56,155.8161
2019-01-28 14:57,155.8223
2019-01-28 14:58,155.828
2019-01-28 14:59,155.8327
2019-01-28 15:00,155.836
2019-01-28 15:01,155.8398
2019-01-28 15:02,155.8463
2019-01-28 15:03,155.8516
2019-01-28 15:04,155.8563
2019-01-28 15:05,155.8596
2019-01-28 15:06,155.8626
2019-01-28 15:07,155.8638
2019-01-28 15:08,155.8653
2019-01-28 15:09,155.8668
2019-01-28 15:10,155.8671
2019-01-28 15:11,155.8652
2019-01-28 15:12,155.8627
2019-01-28 15:13,155.8637
2019-01-28 15:14,155.8638
2019-01-28 15:15,155.8659
2019-01-28 15:16,155.868
2019-01-28 15:17,155.8689
2019-01-28 15:18,155.8708
2019-01-28 15:19,155.8718
2019-01-28 15:20,155.872
2019-01-28 15:21,155.876
2019-01-28 15:22,155.8761
2019-01-28 15:23,155.877
2019-01-28 15:24,155.8763
2019-01-28 15:25,155.8767
2019-01-28 15:26,155.8793
2019-01-28 15:27,155.8814
2019-01-28 15:28,155.8838
2019-01-28 15:29,155.8854
2019-01-28 15:30,155.8856
2019-01-28 15:31,155.8873
2019-01-28 15:32,155.8908
2019-01-28 15:33,155.8914
2019-01-28 15:34,155.8922
2019-01-28 15:35,155.8938
2019-01-28 15:36,155.896
2019-01-28 15:37,155.8964
2019-01-28 15:38,155.8983
2019-01-28 15:39,155.9001
2019-01-28 15:40,155.9009
2019-01-28 15:41,155.9009
2019-01-28 15:42,155.9011
2019-01-28 15:43,155.904
2019-01-28 15:44,155.907
2019-01-28 15:45,155.9092
2019-01-28 15:46,155.9136
2019-01-28 15:47,155.9176
2019-01-28 15:48,155.9202
2019-01-28 15:49,155.9218
2019-01-28 15:50,155.9235
2019-01-28 15:51,155.9229
2019-01-28 15:52,155.9215
2019-01-28 15:53,155.9222
2019-01-28 15:54,155.9223
2019-01-28 15:55,155.9217
2019-01-28 15:56,155.9237
2019-01-28 15:57,155.9254
2019-01-28 15:58,155.928
2019-01-28 15:59,155.932
2019-01-28 16:00,155.9379
2019-01-29 09:31,155.943
2019-01-29 09:32,155.9483
2019-01-29 09:33,155.9594
2019-01-29 09:34,155.9715
2019-01-29 09:35,155.9868
2019-01-29 09:36,155.9999
2019-01-29 09:37,156.0131
2019-01-29 09:38,156.0265
2019-01-29 09:39,156.037
2019-01-29 09:40,156.0465
2019-01-29 09:41,156.0528
2019-01-29 09:42,156.0593
2019-01-29 09:43,156.0698
2019-01-29 09:44,156.0822
2019-01-29 09:45,156.0937
2019-01-29 09:46,156.1062
2019-01-29 09:47,156.1217
2019-01-29 09:48,156.142
2019-01-29 09:49,156.1641
2019-01-29 09:50,156.1891
2019-01-29 09:51,156.2127
2019-01-29 09:52,156.2327
2019-01-29 09:53,156.2535
2019-01-29 09:54,156.2724
2019-01-29 09:55,156.2906
2019-01-29 09:56,156.3108
2019-01-29 09:57,156.3338
2019-01-29 09:58,156.3533
2019-01-29 09:59,156.3731
2019-01-29 10:00,156.391
2019-01-29 10:01,156.4144
2019-01-29 10:02,156.4415
2019-01-29 10:03,156.4675
2019-01-29 10:04,156.4908
2019-01-29 10:05,156.5146
2019-01-29 10:06,156.5377
2019-01-29 10:07,156.5563
2019-01-29 10:08,156.5709
2019-01-29 10:09,156.5878
2019-01-29 10:10,156.6044
2019-01-29 10:11,156.6175
2019-01-29 10:12,156.6342
2019-01-29 10:13,156.6485
2019-01-29 10:14,156.6625
