date,SlowD,SlowK
2019-01-28 09:39,16.8383,33.852
2019-01-28 09:40,29.8877,46.2385
2019-01-28 09:41,41.2824,43.7566
2019-01-28 09:42,41.0923,33.2817
2019-01-28 09:43,34.8263,27.4407
2019-01-28 09:44,34.7058,43.395
2019-01-28 09:45,44.5865,62.9237
2019-01-28 09:46,58.3078,68.6046
2019-01-28 09:47,61.3929,52.6503
2019-01-28 09:48,46.8573,19.317
2019-01-28 09:49,23.9891,0.0
2019-01-28 09:50,6.439,0.0
2019-01-28 09:51,1.5046,4.5139
2019-01-28 09:52,10.1817,26.0312
2019-01-28 09:53,29.9699,59.3646
2019-01-28 09:54,56.7392,84.8219
2019-01-28 09:55,72.3936,72.9944
2019-01-28 09:56,65.8258,39.6611
2019-01-28 09:57,42.986,16.3024
2019-01-28 09:58,30.8988,36.7328
2019-01-28 09:59,39.2856,64.8215
2019-01-28 10:00,63.1797,87.9847
2019-01-28 10:01,70.2236,57.8645
2019-01-28 10:02,69.0152,61.1964
2019-01-28 10:03,55.2815,46.7835
2019-01-28 10:04,55.2592,57.7979
2019-01-28 10:05,44.2961,28.3069
2019-01-28 10:06,39.9021,33.6016
2019-01-28 10:07,38.9259,54.8692
2019-01-28 10:08,55.8999,79.2288
2019-01-28 10:09,71.5898,80.6714
2019-01-28 10:10,76.6396,70.0185
2019-01-28 10:11,65.9176,47.0631
2019-01-28 10:12,47.3482,24.9629
2019-01-28 10:13,28.7258,14.1515
2019-01-28 10:14,19.6624,19.8728
2019-01-28 10:15,17.9657,19.8728
2019-01-28 10:16,22.6091,28.0816
2019-01-28 10:17,27.1404,33.4668
2019-01-28 10:18,37.3296,50.4405
2019-01-28 10:19,48.0703,60.3036
2019-01-28 10:20,63.3135,79.1966
2019-01-28 10:21,78.3521,95.5562
2019-01-28 10:22,89.1396,92.666
2019-01-28 10:23,93.3405,91.7994
2019-01-28 10:24,86.0004,73.5359
2019-01-28 10:25,77.2951,66.55
2019-01-28 10:26,60.1114,40.2483
2019-01-28 10:27,55.1034,58.5118
2019-01-28 10:28,57.1973,72.8317
2019-01-28 10:29,77.1145,100.0
2019-01-28 10:30,89.7201,96.3286
2019-01-28 10:31,93.091,82.9445
2019-01-28 10:32,81.899,66.4238
2019-01-28 10:33,62.258,37.4055
2019-01-28 10:34,40.4285,17.4562
2019-01-28 10:35,18.5018,0.6436
2019-01-28 10:36,7.1133,3.24
2019-01-28 10:37,2.3745,3.24
2019-01-28 10:38,3.24,3.24
2019-01-28 10:39,6.0842,11.7728
2019-01-28 10:40,9.5723,13.7041
2019-01-28 10:41,24.1714,47.0374
2019-01-28 10:42,39.1505,56.7101
2019-01-28 10:43,63.9532,88.1121
2019-01-28 10:44,77.6448,88.1121
2019-01-28 10:45,90.8792,96.4134
2019-01-28 10:46,89.9016,85.1794
2019-01-28 10:47,77.813,51.8461
2019-01-28 10:48,53.0416,22.0993
2019-01-28 10:49,26.3628,5.1429
2019-01-28 10:50,10.795,5.1429
2019-01-28 10:51,5.1429,5.1429
2019-01-28 10:52,3.4286,0.0
2019-01-28 10:53,5.0829,10.1059
2019-01-28 10:54,13.35,29.9441
2019-01-28 10:55,34.4425,63.2774
2019-01-28 10:56,55.2143,72.4215
2019-01-28 10:57,70.6978,76.3944
2019-01-28 10:58,71.9953,67.17
2019-01-28 10:59,68.4409,61.7584
2019-01-28 11:00,55.6252,37.9473
2019-01-28 11:01,38.325,15.2692
2019-01-28 11:02,18.2158,1.4308
2019-01-28 11:03,6.8735,3.9206
2019-01-28 11:04,2.7416,2.8733
2019-01-28 11:05,3.2224,2.8733
2019-01-28 11:06,7.7658,17.551
2019-01-28 11:07,21.2365,43.2853
2019-01-28 11:08,43.783,70.5128
2019-01-28 11:09,64.7352,80.4076
2019-01-28 11:10,79.5145,87.6231
2019-01-28 11:11,85.1721,87.4856
2019-01-28 11:12,89.6218,93.7566
2019-01-28 11:13,91.6662,93.7566
2019-01-28 11:14,92.7423,90.7137
2019-01-28 11:15,87.4423,77.8567
2019-01-28 11:16,75.2661,57.2279
2019-01-28 11:17,56.6405,34.837
2019-01-28 11:18,35.4752,14.3607
2019-01-28 11:19,17.2251,2.4775
2019-01-28 11:21,5.8865,0.8213
2019-01-28 11:22,1.3734,0.8213
2019-01-28 11:23,8.8936,25.0382
2019-01-28 11:24,18.7777,30.4736
2019-01-28 11:25,35.1837,50.0393
2019-01-28 11:26,45.1934,55.0673
2019-01-28 11:27,61.3907,79.0653
2019-01-28 11:28,75.6552,92.833
2019-01-28 11:29,88.6597,94.0809
2019-01-28 11:30,94.9649,97.9808
2019-01-28 11:31,96.6809,97.9808
2019-01-28 11:32,98.1113,98.3724
2019-01-28 11:33,98.2419,98.3724
2019-01-28 11:34,89.558,71.9294
2019-01-28 11:35,70.1752,40.2237
2019-01-28 11:36,39.6811,6.8904
2019-01-28 11:37,16.9959,3.8738
2019-01-28 11:38,4.9341,4.0381
2019-01-28 11:39,7.5936,14.8689
2019-01-28 11:40,12.5312,18.6867
2019-01-28 11:41,17.3593,18.5223
2019-01-28 11:42,16.8413,13.3149
2019-01-28 11:43,15.6622,15.1493
2019-01-28 11:44,17.4907,24.008
2019-01-28 11:45,19.1806,18.3846
2019-01-28 11:46,23.754,28.8695
2019-01-28 11:47,29.5749,41.4707
2019-01-28 11:48,38.3638,44.7513
2019-01-28 11:49,46.0706,51.9898
2019-01-28 11:50,53.5348,63.8632
2019-01-28 11:51,69.923,93.9159
2019-01-28 11:52,85.9264,100.0
2019-01-28 11:53,96.1407,94.5061
2019-01-28 11:54,91.8932,81.1736
2019-01-28 11:55,79.0744,61.5434
2019-01-28 11:56,59.1673,34.785
2019-01-28 11:57,42.2846,30.5254
2019-01-28 11:58,38.4886,50.1555
2019-01-28 11:59,45.9917,57.2942
2019-01-28 12:00,50.0608,42.7327
2019-01-28 12:01,36.4754,9.3993
2019-01-28 12:02,17.7706,1.1798
2019-01-28 12:03,3.5264,0.0
2019-01-28 12:04,2.0188,4.8767
2019-01-28 12:05,12.1403,31.5441
2019-01-28 12:07,28.4725,48.9968
2019-01-28 12:08,51.498,73.9532
2019-01-28 12:10,67.8564,80.6191
2019-01-28 12:11,80.5181,86.9819
2019-01-28 12:12,80.6583,74.374
2019-01-28 12:13,78.151,73.097
2019-01-28 12:14,68.0948,56.8133
2019-01-28 12:15,60.8615,52.6743
2019-01-28 12:16,50.2263,41.1913
2019-01-28 12:17,53.6195,66.993
2019-01-28 12:19,61.5616,76.5004
2019-01-28 12:20,72.126,72.8845
2019-01-28 12:21,67.4617,53.0001
2019-01-28 12:22,59.3068,52.0358
2019-01-28 12:23,52.1676,51.4668
2019-01-28 12:24,51.9108,52.23
2019-01-28 12:25,52.8842,54.9557
2019-01-28 12:26,59.6954,71.9004
2019-01-28 12:27,71.0766,86.3738
2019-01-28 12:28,83.6255,92.6023
2019-01-28 12:29,90.5261,92.6023
2019-01-28 12:30,94.1516,97.2502
2019-01-28 12:31,90.312,81.0835
2019-01-28 12:32,76.9407,52.4884
2019-01-28 12:33,50.909,19.1551
2019-01-28 12:34,27.7563,11.6254
2019-01-28 12:35,19.3807,27.3616
2019-01-28 12:36,29.0914,48.2872
2019-01-28 12:37,50.1274,74.7333
2019-01-28 12:38,67.259,78.7564
2019-01-28 12:39,80.96,89.3902
2019-01-28 12:40,85.8456,89.3902
2019-01-28 12:41,92.3355,98.2261
2019-01-28 12:42,91.6989,87.4805
2019-01-28 12:43,89.7037,83.4047
2019-01-28 12:44,84.7633,83.4047
2019-01-28 12:45,78.9665,70.0901
2019-01-28 12:47,73.1091,65.8325
2019-01-28 12:48,67.2517,65.8325
2019-01-28 12:49,74.4439,91.6667
2019-01-28 12:50,85.8331,100.0
2019-01-28 12:51,96.467,97.7344
2019-01-28 12:53,88.6553,68.2315
2019-01-28 12:54,69.4084,42.2592
2019-01-28 12:55,40.5608,11.1915
2019-01-28 12:56,20.2706,7.361
2019-01-28 12:57,7.2875,3.31
2019-01-28 12:58,4.6603,3.31
2019-01-28 12:59,3.31,3.31
2019-01-28 13:00,7.1189,14.7368
2019-01-28 13:01,10.9279,14.7368
2019-01-28 13:02,14.7368,14.7368
2019-01-28 13:03,9.8246,0.0
2019-01-28 13:04,4.9123,0.0
2019-01-28 13:05,8.3577,25.073
2019-01-28 13:07,27.8265,58.4064
2019-01-28 13:08,58.4064,91.7397
2019-01-28 13:09,81.6176,94.7067
2019-01-28 13:10,93.7177,94.7067
2019-01-28 13:11,94.7067,94.7067
2019-01-28 13:12,93.8971,92.2779
2019-01-28 13:13,93.0875,92.2779
2019-01-28 13:14,89.7727,84.7623
2019-01-28 13:15,88.8683,89.5648
2019-01-28 13:16,86.1603,84.1536
2019-01-28 13:17,87.323,88.2506
2019-01-28 13:18,81.9202,73.3564
2019-01-28 13:19,80.1249,78.7677
2019-01-28 13:21,77.538,80.4899
2019-01-28 13:22,85.8537,98.3037
2019-01-28 13:23,92.3658,98.3037
2019-01-28 13:24,94.9556,88.2594
2019-01-28 13:25,89.9609,83.3195
2019-01-28 13:26,83.2522,78.1776
2019-01-28 13:27,83.8051,89.9182
2019-01-28 13:28,82.645,79.8391
2019-01-28 13:29,74.0729,52.4614
2019-01-28 13:30,53.1853,27.2555
2019-01-28 13:31,40.6638,42.2745
2019-01-28 13:32,47.6352,73.3756
2019-01-28 13:33,71.4105,98.5815
2019-01-28 13:34,90.1795,98.5815
2019-01-28 13:35,99.0543,100.0
2019-01-28 13:36,99.5272,100.0
2019-01-28 13:37,95.5826,86.7478
2019-01-28 13:38,85.7497,70.5012
2019-01-28 13:39,67.6263,45.63
2019-01-28 13:40,47.2267,25.5488
2019-01-28 13:41,26.547,8.4621
2019-01-28 13:42,13.8767,7.6193
2019-01-28 13:43,14.9898,28.8881
2019-01-28 13:44,30.5797,55.2317
2019-01-28 13:45,54.281,78.7232
2019-01-28 13:46,67.8387,69.5612
2019-01-28 13:47,74.9451,76.551
2019-01-28 13:48,73.3746,74.0116
2019-01-28 13:49,81.9336,95.2381
2019-01-28 13:50,88.1626,95.2381
2019-01-28 13:51,94.8644,94.1169
2019-01-28 13:52,92.7259,88.8227
2019-01-28 13:53,86.9854,78.0166
2019-01-28 13:54,72.4686,50.5664
2019-01-28 13:55,50.3701,22.5273
2019-01-28 13:56,24.3646,0.0
2019-01-28 13:57,7.5091,0.0
2019-01-28 13:58,0.0,0.0
2019-01-28 13:59,0.0,0.0
2019-01-28 14:00,0.0,0.0
2019-01-28 14:01,8.6497,25.9492
2019-01-28 14:02,17.2995,25.9492
2019-01-28 14:03,25.9492,25.9492
2019-01-28 14:04,17.2995,0.0
2019-01-28 14:05,8.6497,0.0
2019-01-28 14:06,0.0,0.0
2019-01-28 14:07,0.0,0.0
2019-01-28 14:08,0.4543,1.363
2019-01-28 14:09,2.5283,6.2219
2019-01-28 14:10,14.9009,37.1179
2019-01-28 14:11,32.42,53.9203
2019-01-28 14:12,46.6999,49.0614
2019-01-28 14:13,47.2449,38.753
2019-01-28 14:14,40.5471,33.827
2019-01-28 14:15,45.885,65.0749
2019-01-28 14:16,53.4605,61.4795
2019-01-28 14:17,68.621,79.3084
2019-01-28 14:18,74.0606,81.3938
2019-01-28 14:19,85.1253,94.6737
2019-01-28 14:20,87.0244,85.0057
2019-01-28 14:21,82.0932,66.6003
2019-01-28 14:22,66.5382,48.0084
2019-01-28 14:23,47.0723,26.608
2019-01-28 14:24,31.5205,19.9451
2019-01-28 14:25,19.3908,11.6192
2019-01-28 14:26,18.3477,23.4789
2019-01-28 14:27,27.8818,48.5473
2019-01-28 14:28,50.1842,78.5264
2019-01-28 14:29,69.709,82.0532
2019-01-28 14:30,80.8776,82.0532
2019-01-28 14:31,82.0532,82.0532
2019-01-28 14:32,88.0355,100.0
2019-01-28 14:33,94.0177,100.0
2019-01-28 14:34,99.5626,98.6879
2019-01-28 14:35,99.1253,98.6879
2019-01-28 14:36,95.0226,87.6921
2019-01-28 14:37,85.5532,70.2795
2019-01-28 14:38,64.9726,36.9461
2019-01-28 14:39,48.4082,37.999
2019-01-28 14:40,39.7389,44.2715
2019-01-28 14:41,50.0826,67.9772
2019-01-28 14:42,52.2785,44.5868
2019-01-28 14:43,45.4233,23.7057
2019-01-28 14:44,29.9141,21.4498
2019-01-28 14:45,25.7071,31.9658
2019-01-28 14:46,39.5716,65.2991
2019-01-28 14:47,57.1988,74.3316
2019-01-28 14:48,74.6534,84.3296
2019-01-28 14:49,78.6934,77.4191
2019-01-28 14:50,80.6729,80.27
2019-01-28 14:51,80.5438,83.9423
2019-01-28 14:52,83.82,87.2477
2019-01-28 14:53,83.1462,78.2485
2019-01-28 14:54,77.0661,65.702
2019-01-28 14:55,59.9748,35.9739
2019-01-28 14:56,44.9293,33.112
2019-01-28 14:57,37.8296,44.403
2019-01-28 14:58,44.3028,55.3934
2019-01-28 14:59,48.4931,45.6828
2019-01-28 15:00,41.2761,22.7521
2019-01-28 15:01,32.2577,28.3381
2019-01-28 15:02,33.6667,49.9098
2019-01-28 15:03,51.0152,74.7977
2019-01-28 15:04,67.741,78.5156
2019-01-28 15:05,75.5725,73.4043
2019-01-28 15:06,66.8121,48.5164
2019-01-28 15:07,50.0476,28.222
2019-01-28 15:08,26.1105,1.5931
2019-01-28 15:09,12.2056,6.8017
2019-01-28 15:10,5.9463,9.444
2019-01-28 15:11,12.3801,20.8946
2019-01-28 15:12,15.3415,15.686
2019-01-28 15:13,27.6525,46.377
2019-01-28 15:14,41.1829,61.4856
2019-01-28 15:15,67.5605,94.8189
2019-01-28 15:16,75.8037,71.1065
2019-01-28 15:17,69.6266,42.9543
2019-01-28 15:18,41.4664,10.3385
2019-01-28 15:19,18.3024,1.6145
2019-01-28 15:20,7.7317,11.242
2019-01-28 15:21,18.9047,43.8577
2019-01-28 15:22,35.3791,51.0376
2019-01-28 15:23,49.9797,55.0438
2019-01-28 15:24,49.4346,42.2223
2019-01-28 15:25,50.4512,54.0875
2019-01-28 15:26,48.2405,48.4117
2019-01-28 15:27,45.0551,32.666
2019-01-28 15:28,31.2672,12.7239
2019-01-28 15:29,18.0728,8.8285
2019-01-28 15:30,8.5383,4.0625
2019-01-28 15:31,7.0009,8.1117
2019-01-28 15:32,5.4078,4.0493
2019-01-28 15:33,5.4034,4.0493
2019-01-28 15:34,8.0361,16.0099
2019-01-28 15:35,19.6414,38.865
2019-01-28 15:36,41.9341,70.9273
2019-01-28 15:37,62.7335,78.4081
2019-01-28 15:38,75.4705,77.0762
2019-01-28 15:39,69.6105,53.3472
2019-01-28 15:40,64.5378,63.1899
2019-01-28 15:41,52.7346,41.6667
2019-01-28 15:42,48.7171,41.2947
2019-01-28 15:43,33.4655,17.435
2019-01-28 15:44,25.3882,17.435
2019-01-28 15:45,14.8713,9.7438
2019-01-28 15:46,16.3297,21.8103
2019-01-28 15:47,20.867,31.047
2019-01-28 15:48,34.033,49.2416
2019-01-28 15:49,37.063,30.9004
2019-01-28 15:50,33.9353,21.6638
2019-01-28 15:51,18.5877,3.199
2019-01-28 15:52,8.2876,0.0
2019-01-28 15:53,8.1128,21.1393
2019-01-28 15:54,24.5809,52.6034
2019-01-28 15:55,51.7967,81.6475
2019-01-28 15:56,72.1068,82.0697
2019-01-28 15:57,79.0711,73.4961
2019-01-28 15:58,76.6825,74.4818
2019-01-28 15:59,77.0274,83.1042
2019-01-28 16:00,83.5914,93.1883
2019-01-29 09:31,90.5404,95.3286
2019-01-29 09:32,88.7051,77.5985
2019-01-29 09:33,76.2366,55.7828
2019-01-29 09:34,53.828,28.1028
2019-01-29 09:35,38.7016,32.2193
2019-01-29 09:36,30.5436,31.3088
2019-01-29 09:37,30.1156,26.8187
2019-01-29 09:38,23.7606,13.1543
2019-01-29 09:39,14.2929,2.9058
2019-01-29 09:40,6.7736,4.2606
2019-01-29 09:41,4.6936,6.9142
2019-01-29 09:42,8.8409,15.3478
2019-01-29 09:43,19.3413,35.7618
2019-01-29 09:44,29.8931,38.5697
2019-01-29 09:45,39.7935,45.049
2019-01-29 09:46,42.1796,42.9202
2019-01-29 09:47,51.0288,65.1172
2019-01-29 09:48,63.8584,83.5377
2019-01-29 09:49,81.0885,94.6106
2019-01-29 09:50,90.125,92.2268
2019-01-29 09:51,89.0381,80.277
2019-01-29 09:52,74.0226,49.5641
2019-01-29 09:53,50.4082,21.3835
2019-01-29 09:54,23.6492,0.0
2019-01-29 09:55,7.1278,0.0
2019-01-29 09:56,1.7128,5.1385
2019-01-29 09:57,9.3539,22.9234
2019-01-29 09:59,16.9951,22.9234
2019-01-29 10:01,32.3216,51.1182
2019-01-29 10:02,46.9027,66.6667
2019-01-29 10:03,72.595,100.0
2019-01-29 10:04,88.8889,100.0
2019-01-29 10:05,99.0525,97.1576
2019-01-29 10:06,89.3352,70.8478
2019-01-29 10:07,68.5067,37.5145
2019-01-29 10:08,38.462,7.0236
2019-01-29 10:09,14.846,0.0
2019-01-29 10:10,2.3412,0.0
2019-01-29 10:11,-0.0,0.0
2019-01-29 10:12,3.101,9.303
2019-01-29 10:13,7.3207,12.6591
2019-01-29 10:14,14.1697,20.5471
2019-01-29 10:15,14.8168,11.2441
2019-01-29 10:16,13.2264,7.888
2019-01-29 10:17,10.0221,10.9341
2019-01-29 10:18,12.4255,18.4544
2019-01-29 10:19,27.0587,51.7877
2019-01-29 10:20,48.143,74.1869
2019-01-29 10:21,74.2499,96.775
2019-01-29 10:22,80.5936,70.819
2019-01-29 10:23,71.9452,48.2415
2019-01-29 10:24,53.0716,40.1543
2019-01-29 10:25,44.1922,44.1807
2019-01-29 10:26,50.3644,66.7583
2019-01-29 10:27,63.0031,78.0705
2019-01-29 10:28,81.6096,100.0
2019-01-29 10:30,92.6902,100.0
2019-01-29 10:31,100.0,100.0
2019-01-29 10:32,96.5431,89.6294
2019-01-29 10:33,91.9225,86.1381
2019-01-29 10:34,76.1908,52.8048
2019-01-29 10:35,56.2616,29.842
2019-01-29 10:36,27.5489,0.0
2019-01-29 10:37,9.9473,0.0
2019-01-29 10:38,0.3006,0.9018
2019-01-29 10:39,0.6012,0.9018
2019-01-29 10:40,3.9099,9.9261
2019-01-29 10:42,17.7285,42.3577
2019-01-29 10:43,35.3938,53.8975
2019-01-29 10:44,52.67,61.755
2019-01-29 10:45,49.4422,32.6742
2019-01-29 10:46,38.9561,22.4391
2019-01-29 10:47,21.5527,9.5449
2019-01-29 10:48,12.4254,5.2922
2019-01-29 10:49,6.2749,3.9876
2019-01-29 10:50,5.7114,7.8543
2019-01-29 10:51,6.5654,7.8543
2019-01-29 10:52,7.8543,7.8543
2019-01-29 10:53,5.2362,0.0
2019-01-29 10:54,2.6181,0.0
2019-01-29 10:55,1.1153,3.346
2019-01-29 10:56,2.561,4.3368
2019-01-29 10:57,4.1922,4.8938
2019-01-29 10:58,3.5928,1.5478
2019-01-29 10:59,11.4086,27.7843
2019-01-29 11:00,29.9642,60.5606
2019-01-29 11:01,56.2676,80.4581
2019-01-29 11:02,74.0525,81.1387
2019-01-29 11:03,77.0162,69.4519
2019-01-29 11:04,75.4941,75.8917
2019-01-29 11:05,73.9078,76.3797
2019-01-29 11:06,78.5614,83.4128
2019-01-29 11:07,83.4005,90.4089
2019-01-29 11:08,89.7227,95.3463
2019-01-29 11:09,94.3177,97.1979
2019-01-29 11:10,96.5807,97.1979
2019-01-29 11:11,97.1979,97.1979
2019-01-29 11:12,98.1319,100.0
2019-01-29 11:13,99.066,100.0
2019-01-29 11:14,95.5228,86.5683
2019-01-29 11:15,81.1278,56.8152
2019-01-29 11:16,64.7939,50.9983
2019-01-29 11:17,51.0761,45.4148
2019-01-29 11:18,49.9037,53.298
2019-01-29 11:19,51.0503,54.4381
2019-01-29 11:20,54.189,54.8307
2019-01-29 11:21,51.7757,46.0581
2019-01-29 11:22,40.7315,21.3056
2019-01-29 11:24,35.0308,37.7286
2019-01-29 11:25,33.1534,40.4261
2019-01-29 11:26,38.2256,36.522
2019-01-29 11:27,29.8771,12.683
2019-01-29 11:28,22.7997,19.1941
2019-01-29 11:29,28.1349,52.5275
2019-01-29 11:30,44.3385,61.2939
2019-01-29 11:31,60.5151,67.724
2019-01-29 11:32,65.5806,67.724
2019-01-29 11:33,68.8323,71.0487
2019-01-29 11:35,66.8347,61.7312
2019-01-29 11:36,64.8371,61.7312
2019-01-29 11:37,66.3804,75.6788
2019-01-29 11:38,77.7743,95.9129
2019-01-29 11:39,89.1682,95.9129
2019-01-29 11:40,95.9129,95.9129
2019-01-29 11:41,86.1642,66.6667
2019-01-29 11:42,68.7892,43.7879
2019-01-29 11:43,46.7545,29.8088
2019-01-29 11:44,40.1715,46.9179
2019-01-29 11:46,47.103,64.5824
2019-01-29 11:47,54.3893,51.6676
2019-01-29 11:48,50.2695,34.5585
2019-01-29 11:49,32.242,10.5
2019-01-29 11:50,16.373,4.0606
2019-01-29 11:51,6.2071,4.0606
2019-01-29 11:52,13.8182,33.3333
2019-01-29 11:53,34.6869,66.6667
2019-01-29 11:54,66.6667,100.0
2019-01-29 11:56,78.2182,67.9881
2019-01-29 11:58,78.6587,67.9881
2019-01-29 11:59,66.3746,63.1478
2019-01-29 12:00,67.151,70.3171
2019-01-29 12:01,61.0743,49.7582
2019-01-29 12:02,49.1081,27.2491
2019-01-29 12:04,32.5574,20.6649
2019-01-29 12:05,23.9232,23.8557
2019-01-29 12:07,31.9086,51.2051
2019-01-29 12:08,49.6816,73.9838
2019-01-29 12:09,72.1802,91.3518
2019-01-29 12:10,81.6186,79.5201
2019-01-29 12:11,86.3467,88.1682
2019-01-29 12:12,81.6168,77.1621
2019-01-29 12:13,79.7896,74.0386
2019-01-29 12:14,74.3678,71.9027
2019-01-29 12:15,76.2834,82.9088
2019-01-29 12:16,81.2896,89.0572
2019-01-29 12:18,84.6024,81.8411
2019-01-29 12:19,73.1353,48.5077
2019-01-29 12:20,61.1533,53.1111
2019-01-29 12:21,52.2914,55.2554
2019-01-29 12:22,55.8479,59.1771
2019-01-29 12:23,48.6165,31.4171
2019-01-29 12:24,34.2042,12.0183
2019-01-29 12:25,18.2286,11.2503
2019-01-29 12:26,11.0497,9.8806
2019-01-29 12:27,12.1449,15.304
2019-01-29 12:28,17.3351,26.8207
2019-01-29 12:29,34.0929,60.154
2019-01-29 12:30,47.2167,54.6755
2019-01-29 12:31,58.2766,60.0004
2019-01-29 12:32,58.2254,60.0004
2019-01-29 12:33,57.7765,53.3288
2019-01-29 12:34,54.5637,50.3618
2019-01-29 12:35,46.4519,35.6649
2019-01-29 12:36,46.7724,54.2905
2019-01-29 12:37,50.6972,62.1361
2019-01-29 12:38,64.0143,75.6165
2019-01-29 12:39,64.9145,56.9909
2019-01-29 12:40,64.0512,59.5463
2019-01-29 12:41,59.1,60.7628
2019-01-29 12:42,68.9818,86.6361
2019-01-29 12:43,78.1297,86.9901
2019-01-29 12:45,78.3503,61.4246
2019-01-29 12:47,66.8497,52.1344
2019-01-29 12:48,57.0811,57.6843
2019-01-29 12:49,58.453,65.5404
2019-01-29 12:50,60.8994,59.4736
2019-01-29 12:51,59.0077,52.0092
2019-01-29 12:52,57.6478,61.4608
2019-01-29 12:53,55.3846,52.6838
2019-01-29 12:54,53.0731,45.0746
2019-01-29 12:55,50.3636,53.3323
2019-01-29 12:56,58.4006,76.7949
2019-01-29 12:58,65.191,65.4459
2019-01-29 12:59,61.107,41.0801
2019-01-29 13:00,40.8015,15.8783
2019-01-29 13:01,21.9753,8.9675
2019-01-29 13:02,11.9316,10.9488
2019-01-29 13:03,17.5737,32.8047
2019-01-29 13:04,36.6305,66.138
2019-01-29 13:06,62.4884,88.5225
2019-01-29 13:07,84.8868,100.0
2019-01-29 13:08,94.4067,94.6976
2019-01-29 13:09,89.8817,74.9476
2019-01-29 13:10,77.5911,63.1281
2019-01-29 13:11,62.9611,50.8075
2019-01-29 13:12,50.3866,37.2242
2019-01-29 13:13,39.769,31.2754
2019-01-29 13:14,32.244,28.2326
2019-01-29 13:15,29.2468,28.2326
2019-01-29 13:16,28.9087,30.2611
2019-01-29 13:18,36.4735,50.9269
2019-01-29 13:19,54.5791,82.5492
2019-01-29 13:20,73.1941,86.1063
2019-01-29 13:21,84.9206,86.1063
2019-01-29 13:22,78.8799,64.4271
2019-01-29 13:23,64.8463,44.0057
2019-01-29 13:24,46.5042,31.0798
2019-01-29 13:26,36.606,34.7325
2019-01-29 13:27,34.0704,36.3991
2019-01-29 13:28,34.3854,32.0247
2019-01-29 13:29,39.7177,50.7292
2019-01-29 13:30,54.8069,81.6667
2019-01-29 13:31,77.087,98.8651
2019-01-29 13:32,93.4766,99.8981
2019-01-29 13:33,95.1724,86.7541
2019-01-29 13:34,87.2227,75.0159
2019-01-29 13:35,67.8175,41.6825
2019-01-29 13:36,46.0639,21.4932
2019-01-29 13:37,21.0586,0.0
2019-01-29 13:38,8.4529,3.8655
2019-01-29 13:39,9.8328,25.633
2019-01-29 13:40,29.4883,58.9663
2019-01-29 13:41,51.3498,69.4501
2019-01-29 13:42,66.528,71.1675
2019-01-29 13:43,70.595,71.1675
2019-01-29 13:44,77.4955,90.1515
2019-01-29 13:45,79.6993,77.7789
2019-01-29 13:46,70.792,44.4456
2019-01-29 13:47,48.3987,22.9716
2019-01-29 13:48,29.5523,21.2396
2019-01-29 13:49,29.2653,43.5846
2019-01-29 13:50,34.569,38.8827
2019-01-29 13:51,43.1992,47.1303
2019-01-29 13:52,43.3738,44.1084
2019-01-29 13:53,47.6801,51.8017
2019-01-29 13:54,51.3284,58.075
2019-01-29 13:55,50.2597,40.9025
2019-01-29 13:56,45.8339,38.5242
2019-01-29 13:57,31.35,14.6232
2019-01-29 13:58,30.0547,37.0168
2019-01-29 13:59,34.2836,51.211
2019-01-29 14:00,57.5907,84.5443
2019-01-29 14:01,75.5436,90.8754
2019-01-29 14:02,87.2588,86.3567
2019-01-29 14:03,81.3125,66.7055
2019-01-29 14:05,70.057,57.1088
2019-01-29 14:06,60.3037,57.0967
2019-01-29 14:07,54.8618,50.38
2019-01-29 14:08,45.526,29.1013
2019-01-29 14:09,35.1645,26.0121
2019-01-29 14:10,33.1853,44.4423
2019-01-29 14:11,44.1182,61.9001
2019-01-29 14:12,60.8431,76.1868
2019-01-29 14:13,74.0705,84.1245
2019-01-29 14:14,82.5656,87.3854
2019-01-29 14:16,75.1873,54.0521
2019-01-29 14:17,54.0521,20.7187
2019-01-29 14:18,24.9236,0.0
2019-01-29 14:19,6.9062,0.0
2019-01-29 14:20,-0.0,0.0
2019-01-29 14:21,5.8407,17.5222
2019-01-29 14:22,22.5866,50.2377
2019-01-29 14:23,39.3325,50.2377
2019-01-29 14:24,45.6752,36.5504
2019-01-29 14:25,31.5844,7.9651
2019-01-29 14:26,17.4936,7.9651
2019-01-29 14:27,9.2905,11.9413
2019-01-29 14:28,9.2392,7.8111
2019-01-29 14:29,12.0329,16.3465
2019-01-29 14:30,12.9457,14.6797
2019-01-29 14:31,17.5004,21.4751
2019-01-29 14:32,20.8131,26.2846
2019-01-29 14:33,30.1555,42.7068
2019-01-29 14:34,46.0787,69.2447
2019-01-29 14:35,61.7315,73.2429
2019-01-29 14:36,64.388,50.6763
2019-01-29 14:37,49.6754,25.1071
2019-01-29 14:38,30.655,16.1817
2019-01-29 14:39,24.8247,33.1854
2019-01-29 14:40,32.1354,47.0392
2019-01-29 14:41,43.1365,49.1848
2019-01-29 14:42,52.0972,60.0677
2019-01-29 14:43,49.2341,38.4498
2019-01-29 14:44,42.9547,30.3468
2019-01-29 14:45,23.9648,3.0978
2019-01-29 14:46,15.0486,11.7012
2019-01-29 14:47,13.7025,26.3084
2019-01-29 14:48,21.4267,26.2705
2019-01-29 14:49,23.4154,17.6672
2019-01-29 14:50,21.2551,19.8277
2019-01-29 14:51,29.7209,51.6677
2019-01-29 14:52,44.5006,62.0064
2019-01-29 14:53,54.1457,48.7629
2019-01-29 14:54,42.3642,16.3231
2019-01-29 14:55,31.7016,30.0187
2019-01-29 14:56,34.0643,55.8511
2019-01-29 14:57,50.1234,64.5004
2019-01-29 14:58,53.6058,40.4661
2019-01-29 14:59,39.215,12.6785
2019-01-29 15:00,23.8228,18.3239
2019-01-29 15:01,18.6876,25.0605
2019-01-29 15:02,32.583,54.3645
2019-01-29 15:03,48.6395,66.4936
2019-01-29 15:04,71.3162,93.0904
2019-01-29 15:05,82.883,89.0651
2019-01-29 15:06,85.0871,73.1059
2019-01-29 15:07,76.8628,68.4176
2019-01-29 15:08,71.3221,72.4429
2019-01-29 15:09,78.7241,95.3117
2019-01-29 15:10,89.2515,100.0
2019-01-29 15:11,98.4372,100.0
2019-01-29 15:12,88.8889,66.6667
2019-01-29 15:13,69.9033,43.0434
2019-01-29 15:14,43.6899,21.3597
2019-01-29 15:15,28.5876,21.3597
2019-01-29 15:16,28.8388,43.7971
2019-01-29 15:17,43.5459,65.4808
2019-01-29 15:18,68.112,95.0582
2019-01-29 15:19,85.5944,96.2441
2019-01-29 15:20,89.5969,77.4884
2019-01-29 15:21,78.0094,60.2957
2019-01-29 15:22,65.0759,57.4436
2019-01-29 15:23,53.5351,42.866
2019-01-29 15:24,54.7081,63.8146
2019-01-29 15:25,57.7824,66.6667
2019-01-29 15:26,72.2815,86.3634
2019-01-29 15:27,79.6293,85.8578
2019-01-29 15:28,74.9152,52.5245
2019-01-29 15:29,60.4811,43.0609
2019-01-29 15:30,38.9313,21.2086
2019-01-29 15:31,39.6038,54.5419
2019-01-29 15:32,44.7924,58.6269
2019-01-29 15:33,61.5109,71.3638
2019-01-29 15:34,61.8553,55.5751
2019-01-29 15:35,63.8347,64.5653
2019-01-29 15:36,60.8496,62.4082
2019-01-29 15:37,57.279,44.8636
2019-01-29 15:38,42.9424,21.5553
2019-01-29 15:39,27.1,14.881
2019-01-29 15:40,19.8571,23.1349
2019-01-29 15:41,29.8344,51.4872
2019-01-29 15:42,41.0237,48.449
2019-01-29 15:43,48.172,44.5799
2019-01-29 15:44,39.1129,24.3098
2019-01-29 15:45,36.547,40.7513
2019-01-29 15:46,44.9203,69.6998
2019-01-29 15:47,58.9323,66.3457
2019-01-29 15:48,58.4282,39.2391
2019-01-29 15:49,38.22,9.0752
2019-01-29 15:50,17.5538,4.3472
2019-01-29 15:51,5.5306,3.1695
2019-01-29 15:52,5.8087,9.9093
2019-01-29 15:53,12.8298,25.4106
2019-01-29 15:54,29.3994,52.8781
2019-01-29 15:55,47.9393,65.5292
2019-01-29 15:56,62.7426,69.8205
2019-01-29 15:57,64.5108,58.1826
2019-01-29 15:58,56.8232,42.4666
2019-01-29 15:59,45.4595,35.7294
2019-01-29 16:00,36.9789,32.7408
2019-01-30 09:31,42.5666,59.2296
2019-01-30 09:32,57.1594,79.5077
2019-01-30 09:33,79.5791,100.0
2019-01-30 09:34,92.3015,97.3966
2019-01-30 09:35,98.2644,97.3966
2019-01-30 09:36,90.0619,75.3923
2019-01-30 09:37,82.6629,75.1999
2019-01-30 09:38,68.9527,56.266
2019-01-30 09:39,63.6813,59.5779
2019-01-30 09:40,55.1047,49.47
2019-01-30 09:41,51.0823,44.1989
2019-01-30 09:42,43.029,35.4182
2019-01-30 09:43,33.7487,21.6292
2019-01-30 09:44,27.6967,26.0427
2019-01-30 09:45,26.204,30.9402
2019-01-30 09:46,38.2053,57.6329
2019-01-30 09:47,53.1506,70.8786
2019-01-30 09:48,73.9886,93.4542
2019-01-30 09:49,77.8788,69.3036
2019-01-30 09:50,74.4869,60.7028
2019-01-30 09:51,62.0306,56.0854
2019-01-30 09:52,64.3218,76.1772
2019-01-30 09:53,69.8967,77.4276
2019-01-30 09:54,71.8438,61.9265
2019-01-30 09:55,65.7736,57.9666
2019-01-30 09:56,63.9186,71.8628
2019-01-30 09:57,68.7817,76.5157
2019-01-30 09:58,71.9834,67.5717
2019-01-30 09:59,61.9265,41.692
2019-01-30 10:00,44.3626,23.8243
2019-01-30 10:01,24.3233,7.4537
2019-01-30 10:02,11.3732,2.8416
2019-01-30 10:03,5.2753,5.5307
2019-01-30 10:04,4.6343,5.5307
2019-01-30 10:05,4.5835,2.6891
2019-01-30 10:06,5.7623,9.0669
2019-01-30 10:08,7.8585,11.8196
2019-01-30 10:09,10.902,11.8196
2019-01-30 10:10,10.3383,7.3759
2019-01-30 10:11,7.9396,4.6233
2019-01-30 10:12,9.1221,15.3671
2019-01-30 10:13,13.3157,19.9567
2019-01-30 10:14,18.4269,19.9567
2019-01-30 10:16,16.3754,9.2129
2019-01-30 10:17,14.0315,12.925
2019-01-30 10:18,14.0617,20.0472
2019-01-30 10:19,20.7335,29.2282
2019-01-30 10:20,32.9707,49.6365
2019-01-30 10:21,51.5708,75.8476
2019-01-30 10:22,75.1614,100.0
2019-01-30 10:23,91.9492,100.0
2019-01-30 10:24,100.0,100.0
2019-01-30 10:25,92.1429,76.4286
2019-01-30 10:26,84.2857,76.4286
2019-01-30 10:27,69.3159,55.0907
2019-01-30 10:28,58.9493,45.3288
2019-01-30 10:29,39.6561,18.5488
2019-01-30 10:30,23.477,6.5533
2019-01-30 10:31,15.2602,20.6784
2019-01-30 10:33,16.8724,23.3854
2019-01-30 10:34,22.4831,23.3854
2019-01-30 10:35,18.677,9.2603
2019-01-30 10:36,12.2314,4.0486
2019-01-30 10:37,9.6971,15.7825
2019-01-30 10:38,11.8712,15.7825
2019-01-30 10:39,17.1038,19.7464
2019-01-30 10:40,24.2039,37.0828
2019-01-30 10:41,42.4151,70.4161
2019-01-30 10:42,67.3205,94.4626
2019-01-30 10:44,83.9464,86.9604
2019-01-30 10:45,89.4611,86.9604
2019-01-30 10:46,87.3851,88.2347
2019-01-30 10:47,87.6572,87.7767
2019-01-30 10:48,83.3168,73.939
2019-01-30 10:49,67.4404,40.6057
2019-01-30 10:50,46.1114,23.7894
2019-01-30 10:51,22.8963,4.2938
2019-01-30 10:53,10.7924,4.2938
2019-01-30 10:54,3.3393,1.4304
2019-01-30 10:55,9.3081,22.2
2019-01-30 10:56,26.3879,55.5333
2019-01-30 10:57,52.321,79.2297
2019-01-30 10:58,65.5736,61.958
2019-01-30 10:59,60.072,39.0284
2019-01-30 11:00,44.4345,32.3172
2019-01-30 11:01,43.0457,57.7914
2019-01-30 11:02,56.9432,80.721
2019-01-30 11:03,78.0504,95.6388
2019-01-30 11:04,84.2457,76.3772
2019-01-30 11:05,71.6866,43.0439
2019-01-30 11:06,44.778,14.9128
2019-01-30 11:07,21.053,5.2023
2019-01-30 11:08,8.4391,5.2023
2019-01-30 11:10,3.4682,0.0
2019-01-30 11:11,11.9443,30.6307
2019-01-30 11:12,31.5316,63.964
2019-01-30 11:13,63.964,97.2974
2019-01-30 11:14,85.5205,95.3
2019-01-30 11:15,94.1705,89.9141
2019-01-30 11:16,91.7094,89.9141
2019-01-30 11:18,91.4808,94.6141
2019-01-30 11:19,94.8427,100.0
2019-01-30 11:20,90.3775,76.5183
2019-01-30 11:21,77.7193,56.6394
2019-01-30 11:22,53.8139,28.2839
2019-01-30 11:23,34.4519,18.4322
2019-01-30 11:24,20.0089,13.3106
2019-01-30 11:25,19.1008,25.5595
2019-01-30 11:27,32.5877,58.8928
2019-01-30 11:28,45.0041,50.5601
2019-01-30 11:30,50.1952,41.1327
2019-01-30 11:31,33.5344,8.9104
2019-01-30 11:32,22.065,16.152
2019-01-30 11:33,11.4096,9.1663
2019-01-30 11:34,11.1246,8.0554
2019-01-30 11:35,6.0118,0.8137
2019-01-30 11:36,2.9564,0.0
2019-01-30 11:37,1.7827,4.5345
2019-01-30 11:38,3.023,4.5345
2019-01-30 11:39,4.5345,4.5345
2019-01-30 11:40,3.023,0.0
2019-01-30 11:41,11.8978,31.1589
2019-01-30 11:42,23.0875,38.1036
2019-01-30 11:43,46.8998,71.4369
2019-01-30 11:44,60.8071,72.8808
2019-01-30 11:45,78.4176,90.9351
2019-01-30 11:46,84.917,90.9351
2019-01-30 11:47,91.1787,91.6658
2019-01-30 11:48,94.2003,100.0
2019-01-30 11:49,93.6374,89.2466
2019-01-30 11:50,85.1919,66.3293
2019-01-30 11:51,62.8573,32.9959
2019-01-30 11:52,38.198,15.2688
2019-01-30 11:53,28.817,38.1861
2019-01-30 11:54,41.6581,71.5195
2019-01-30 11:55,69.9019,100.0
2019-01-30 11:56,85.9378,86.294
2019-01-30 11:57,84.3821,66.8524
2019-01-30 11:58,69.5856,55.6103
2019-01-30 11:59,63.9264,69.3164
2019-01-30 12:00,69.1954,82.6595
2019-01-30 12:01,80.5689,89.7308
2019-01-30 12:03,84.0101,79.6401
2019-01-30 12:04,78.2782,65.4638
2019-01-30 12:05,61.3468,38.9364
2019-01-30 12:06,40.0313,15.6938
2019-01-30 12:07,19.0885,2.6352
2019-01-30 12:08,10.5945,13.4544
2019-01-30 12:09,14.1679,26.414
2019-01-30 12:10,31.6261,55.01
2019-01-30 12:11,43.2142,48.2186
2019-01-30 12:12,54.0293,58.8594
2019-01-30 12:13,51.7705,48.2334
2019-01-30 12:14,58.062,67.0933
2019-01-30 12:15,64.051,76.8262
2019-01-30 12:16,78.703,92.1896
2019-01-30 12:17,89.6719,100.0
2019-01-30 12:18,97.3965,100.0
2019-01-30 12:19,99.1983,97.5948
2019-01-30 12:20,98.3965,97.5948
2019-01-30 12:21,96.5788,94.5468
2019-01-30 12:22,95.8279,95.3421
2019-01-30 12:23,93.8558,91.6784
2019-01-30 12:24,86.0236,71.0502
2019-01-30 12:25,67.3518,39.3268
2019-01-30 12:26,43.1079,18.9466
2019-01-30 12:27,25.67,18.7367
2019-01-30 12:28,18.8066,18.7367
2019-01-30 12:29,16.612,12.3626
2019-01-30 12:30,19.3206,26.8626
2019-01-30 12:31,31.1981,54.3691
2019-01-30 12:33,50.5662,70.4669
2019-01-30 12:34,57.2632,46.9534
2019-01-30 12:35,50.7711,34.8929
2019-01-30 12:36,35.5666,24.8535
2019-01-30 12:37,28.0554,24.4197
2019-01-30 12:38,24.1486,23.1726
2019-01-30 12:39,29.2599,40.1873
2019-01-30 12:40,45.3943,72.8231
2019-01-30 12:41,68.3105,91.9211
2019-01-30 12:42,84.7633,89.5457
2019-01-30 12:43,90.57,90.2432
2019-01-30 12:45,88.0041,84.2233
2019-01-30 12:46,89.47,93.9436
2019-01-30 12:47,85.5795,78.5717
2019-01-30 12:48,85.7144,84.6281
2019-01-30 12:49,81.2953,80.6862
2019-01-30 12:50,87.1241,96.0581
2019-01-30 12:51,90.9341,96.0581
2019-01-30 12:52,94.8636,92.4746
2019-01-30 12:53,93.0905,90.7389
2019-01-30 12:54,87.4162,79.0351
2019-01-30 12:55,76.3957,59.4131
2019-01-30 12:56,55.4212,27.8155
2019-01-30 12:57,41.1371,36.1828
2019-01-30 12:58,42.4428,63.3301
2019-01-30 12:59,65.3921,96.6634
2019-01-30 13:00,86.6645,100.0
2019-01-30 13:01,98.8878,100.0
2019-01-30 13:02,100.0,100.0
2019-01-30 13:03,100.0,100.0
2019-01-30 13:04,100.0,100.0
2019-01-30 13:05,100.0,100.0
2019-01-30 13:06,98.2614,94.7841
2019-01-30 13:08,93.4188,85.4724
2019-01-30 13:09,83.8945,71.4269
2019-01-30 13:10,66.7362,43.3094
2019-01-30 13:11,44.6747,19.2879
2019-01-30 13:12,25.3564,13.4719
2019-01-30 13:13,26.5216,46.8052
2019-01-30 13:14,42.3146,66.6667
2019-01-30 13:15,66.6667,86.5281
2019-01-30 13:16,79.4134,85.0453
2019-01-30 13:17,89.8799,98.0662
2019-01-30 13:18,93.307,96.8097
2019-01-30 13:19,97.5765,97.8535
2019-01-30 13:21,86.5448,64.9711
2019-01-30 13:22,65.2396,32.8943
2019-01-30 13:23,32.6218,0.0
2019-01-30 13:24,11.7831,2.4549
2019-01-30 13:25,4.3688,10.6515
2019-01-30 13:26,10.7633,19.1834
2019-01-30 13:27,24.0907,42.4372
2019-01-30 13:28,43.0648,67.5739
2019-01-30 13:29,66.3026,88.8967
2019-01-30 13:30,79.5121,82.0657
2019-01-30 13:32,73.2316,48.7324
2019-01-30 13:35,59.152,46.658
2019-01-30 13:37,42.7508,32.862
2019-01-30 13:38,37.4607,32.862
2019-01-30 13:39,27.141,15.6991
2019-01-30 13:40,21.0865,14.6983
2019-01-30 13:41,19.7768,28.9332
2019-01-30 13:42,20.6491,18.3158
2019-01-30 13:44,20.4946,14.2349
2019-01-30 13:45,12.6312,5.3428
2019-01-30 13:46,8.3068,5.3428
2019-01-30 13:47,9.1362,16.723
2019-01-30 13:48,15.9788,25.8706
2019-01-30 13:49,23.4244,27.6797
2019-01-30 13:50,34.3944,49.6329
2019-01-30 13:51,48.5961,68.4758
2019-01-30 13:52,66.1447,80.3255
2019-01-30 13:53,71.3339,65.2004
2019-01-30 13:54,59.131,31.8671
2019-01-30 13:55,40.5625,24.62
2019-01-30 13:56,20.9663,6.4118
2019-01-30 13:57,12.4812,6.4118
2019-01-30 13:58,10.7082,19.301
2019-01-30 13:59,15.0046,19.301
2019-01-30 14:00,24.0841,33.6504
2019-01-30 14:01,29.7285,36.2342
2019-01-30 14:02,46.2655,68.9117
2019-01-30 14:03,62.3197,81.8131
2019-01-30 14:04,81.3288,93.2617
2019-01-30 14:05,89.6641,93.9176
2019-01-30 14:06,92.7557,91.088
2019-01-30 14:07,89.1532,82.4542
2019-01-30 14:08,74.221,49.1208
2019-01-30 14:09,58.9811,45.3682
2019-01-30 14:10,42.7351,33.7161
2019-01-30 14:11,44.4772,54.3473
2019-01-30 14:12,51.6918,67.0119
2019-01-30 14:13,69.5524,87.2978
2019-01-30 14:14,84.7699,100.0
2019-01-30 14:15,95.7659,100.0
2019-01-30 14:16,91.8079,75.4236
2019-01-30 14:17,81.0149,67.6211
2019-01-30 14:18,65.7301,54.1457
2019-01-30 14:19,64.4063,71.4521
2019-01-30 14:20,63.8223,65.8691
2019-01-30 14:21,71.8678,78.2822
2019-01-30 14:22,75.4996,82.3475
2019-01-30 14:23,83.0455,88.5067
2019-01-30 14:24,86.7593,89.4239
2019-01-30 14:25,87.1627,83.5577
2019-01-30 14:26,87.9218,90.7839
2019-01-30 14:27,83.8286,77.1441
2019-01-30 14:28,73.6033,52.8818
2019-01-30 14:29,54.4417,33.2993
2019-01-30 14:30,37.8672,27.4206
2019-01-30 14:31,34.2356,41.987
2019-01-30 14:32,32.5479,28.2361
2019-01-30 14:33,31.6852,24.8324
2019-01-30 14:34,28.0357,31.0385
2019-01-30 14:35,40.0809,64.3718
2019-01-30 14:36,59.5605,83.2711
2019-01-30 14:37,74.3005,75.2585
2019-01-30 14:38,75.7723,68.7873
2019-01-30 14:39,72.3338,72.9554
2019-01-30 14:40,74.3174,81.2094
2019-01-30 14:41,76.9115,76.5695
2019-01-30 14:42,74.3765,65.3506
2019-01-30 14:43,73.1967,77.6699
2019-01-30 14:44,71.4799,71.4192
2019-01-30 14:45,76.3043,79.8237
2019-01-30 14:46,72.9332,67.5568
2019-01-30 14:47,77.1855,84.1759
2019-01-30 14:48,79.5744,86.9904
2019-01-30 14:49,90.1412,99.2573
2019-01-30 14:50,95.1168,99.1027
2019-01-30 14:51,96.7026,91.7479
2019-01-30 14:52,94.1995,91.7479
2019-01-30 14:53,92.047,92.6452
2019-01-30 14:54,94.7977,100.0
2019-01-30 14:55,96.931,98.1479
2019-01-30 14:56,98.7653,98.1479
2019-01-30 14:57,94.6796,87.7429
2019-01-30 14:58,80.7175,56.2617
2019-01-30 14:59,59.0112,33.0291
2019-01-30 15:00,39.0786,27.9449
2019-01-30 15:01,33.5676,39.7287
2019-01-30 15:02,42.7374,60.5384
2019-01-30 15:03,58.7649,76.0275
2019-01-30 15:04,66.9365,64.2437
2019-01-30 15:05,60.5551,41.3941
2019-01-30 15:06,37.8995,8.0607
2019-01-30 15:07,19.4499,8.8949
2019-01-30 15:08,5.9299,0.8341
2019-01-30 15:09,6.5788,10.0072
2019-01-30 15:10,8.3859,14.3163
2019-01-30 15:11,20.8764,38.3057
2019-01-30 15:12,36.1656,55.875
2019-01-30 15:13,56.1852,74.375
2019-01-30 15:14,69.8803,79.3911
2019-01-30 15:15,76.8864,76.8931
2019-01-30 15:16,69.8447,53.2498
2019-01-30 15:17,57.6348,42.7614
2019-01-30 15:18,40.9081,26.7132
2019-01-30 15:19,32.2261,27.2038
2019-01-30 15:20,26.9877,27.046
2019-01-30 15:21,25.1726,21.2679
2019-01-30 15:22,23.1334,21.0863
2019-01-30 15:23,18.906,14.3638
2019-01-30 15:24,15.7986,11.9458
2019-01-30 15:25,15.3615,19.7751
2019-01-30 15:26,13.2864,8.1383
2019-01-30 15:27,16.2347,20.7906
2019-01-30 15:28,24.9715,45.9857
2019-01-30 15:29,46.5483,72.8684
2019-01-30 15:30,67.5246,83.7196
2019-01-30 15:31,78.8737,80.033
2019-01-30 15:32,81.2953,80.1333
2019-01-30 15:33,81.8555,85.4001
2019-01-30 15:34,84.8733,89.0867
2019-01-30 15:35,85.1137,80.8545
2019-01-30 15:36,85.1195,85.4175
2019-01-30 15:37,73.1357,53.135
2019-01-30 15:38,61.3204,45.4088
2019-01-30 15:39,44.3093,34.3842
2019-01-30 15:40,38.3407,35.2289
2019-01-30 15:52,38.9385,47.2024
2019-01-30 15:53,38.0451,31.7041
2019-01-30 15:54,36.2383,29.8085
2019-01-30 15:55,22.7743,6.8104
2019-01-30 15:56,23.1442,32.8136
2019-01-30 15:57,35.257,66.147
2019-01-30 15:58,64.8219,95.5051
2019-01-30 15:59,84.6576,92.3208
2019-01-30 16:00,88.1619,76.6598
2019-01-31 09:31,82.888,79.6833
2019-01-31 09:32,78.0884,77.9221
2019-01-31 09:33,79.8223,81.8614
2019-01-31 09:34,75.6094,67.0447
2019-01-31 09:35,62.7515,39.3484
2019-01-31 09:36,43.4424,23.934
2019-01-31 09:37,24.9089,11.4444
2019-01-31 09:38,26.6614,44.6058
2019-01-31 09:39,39.4967,62.44
2019-01-31 09:40,63.7301,84.1446
2019-01-31 09:41,74.9508,78.268
2019-01-31 09:42,82.3011,84.4907
2019-01-31 09:43,82.8143,85.6842
2019-01-31 09:44,86.7534,90.0854
2019-01-31 09:45,81.5771,68.9617
2019-01-31 09:46,77.7895,74.3215
2019-01-31 09:47,73.0267,75.7969
2019-01-31 09:48,83.3728,100.0
2019-01-31 09:49,90.3725,95.3207
2019-01-31 09:50,93.2907,84.5513
2019-01-31 09:51,82.4389,67.4447
2019-01-31 09:52,74.3619,71.0897
2019-01-31 09:53,72.4765,78.895
2019-01-31 09:54,80.173,90.5341
2019-01-31 09:55,84.3346,83.5747
2019-01-31 09:56,86.8826,86.5389
2019-01-31 09:57,81.5857,74.6434
2019-01-31 09:58,70.162,49.3037
2019-01-31 09:59,55.2227,41.7209
2019-01-31 10:00,43.7177,40.1285
2019-01-31 10:01,48.0667,62.3508
2019-01-31 10:02,52.907,56.2417
2019-01-31 10:03,61.6536,66.3683
2019-01-31 10:04,65.6063,74.209
2019-01-31 10:05,76.1594,87.9008
2019-01-31 10:06,84.2899,90.7598
2019-01-31 10:07,90.897,94.0302
2019-01-31 10:08,92.839,93.7269
2019-01-31 10:09,95.8179,99.6967
2019-01-31 10:10,96.6969,96.6673
2019-01-31 10:11,96.4786,93.0719
2019-01-31 10:12,93.4157,90.508
2019-01-31 10:13,92.3725,93.5374
2019-01-31 10:14,93.8272,97.4361
2019-01-31 10:15,96.9912,100.0
2019-01-31 10:16,99.1454,100.0
2019-01-31 10:17,98.4676,95.4028
2019-01-31 10:18,96.9352,95.4028
2019-01-31 10:19,91.9839,85.146
2019-01-31 10:20,90.0973,89.7432
2019-01-31 10:21,88.2108,89.7432
2019-01-31 10:22,87.2864,82.3729
2019-01-31 10:23,76.0218,55.9494
2019-01-31 10:24,56.5589,31.3545
2019-01-31 10:25,40.4142,33.9387
2019-01-31 10:26,37.0421,45.8332
2019-01-31 10:27,48.2147,64.8722
2019-01-31 10:28,62.1012,75.5984
2019-01-31 10:29,65.7549,56.7941
2019-01-31 10:30,53.8031,29.0167
2019-01-31 10:31,28.6036,0.0
2019-01-31 10:32,11.8522,6.5399
2019-01-31 10:33,10.5957,25.2472
2019-01-31 10:34,24.5772,41.9445
2019-01-31 10:35,37.1542,44.2708
2019-01-31 10:36,40.3458,34.8221
2019-01-31 10:37,32.4059,18.1247
2019-01-31 10:38,22.884,15.7052
2019-01-31 10:39,17.265,17.9651
2019-01-31 10:40,25.0595,41.5083
2019-01-31 10:41,41.6419,65.4523
2019-01-31 10:42,64.7426,87.2673
2019-01-31 10:43,83.0725,96.4977
2019-01-31 10:44,92.4147,93.479
2019-01-31 10:45,90.9811,82.9667
2019-01-31 10:46,78.7424,59.7817
2019-01-31 10:47,60.9442,40.0842
2019-01-31 10:48,39.9472,19.9758
2019-01-31 10:49,24.2944,12.8231
2019-01-31 10:50,12.7255,5.3776
2019-01-31 10:51,6.9552,2.6648
2019-01-31 10:52,2.7572,0.2291
2019-01-31 10:53,2.5263,4.6849
2019-01-31 10:54,5.6116,11.9207
2019-01-31 10:55,10.3286,14.3802
2019-01-31 10:56,22.1546,40.1628
2019-01-31 10:57,38.8034,61.8672
2019-01-31 10:58,62.8542,86.5326
2019-01-31 10:59,77.5786,84.336
2019-01-31 11:00,81.8526,74.6893
2019-01-31 11:01,68.9406,47.7965
2019-01-31 11:02,54.2233,40.1841
2019-01-31 11:03,43.3157,41.9665
2019-01-31 11:04,51.2588,71.6259
2019-01-31 11:05,65.9644,84.3008
2019-01-31 11:06,73.0505,63.2249
2019-01-31 11:07,61.0656,35.671
2019-01-31 11:08,33.7445,2.3377
2019-01-31 11:09,13.4488,2.3377
2019-01-31 11:10,1.5584,0.0
2019-01-31 11:11,7.6228,20.5307
2019-01-31 11:12,19.5786,38.2051
2019-01-31 11:13,39.1373,58.6759
2019-01-31 11:14,48.4387,48.4352
2019-01-31 11:15,45.9573,30.7608
2019-01-31 11:17,33.9098,22.5333
2019-01-31 11:18,29.3814,34.8501
2019-01-31 11:19,33.2983,42.5114
2019-01-31 11:20,37.392,34.8145
2019-01-31 11:21,36.7127,32.8121
2019-01-31 11:22,30.9258,25.1507
2019-01-31 11:23,26.1891,20.6044
2019-01-31 11:24,23.8328,25.7433
2019-01-31 11:25,35.1415,59.0766
2019-01-31 11:26,59.0766,92.41
2019-01-31 11:27,83.7562,99.782
2019-01-31 11:28,96.8304,98.2991
2019-01-31 11:31,87.6823,64.9658
2019-01-31 11:33,65.0385,31.8504
2019-01-31 11:34,34.9038,7.8951
2019-01-31 11:35,19.2657,18.0515
2019-01-31 11:36,21.9148,39.7978
2019-01-31 11:37,40.3503,63.2017
2019-01-31 11:38,63.126,86.3786
2019-01-31 11:39,81.8044,95.8328
2019-01-31 11:40,90.6438,89.7199
2019-01-31 11:41,90.504,85.9594
2019-01-31 11:42,76.8127,54.7589
2019-01-31 11:44,67.8748,62.9061
2019-01-31 11:45,61.4439,66.6667
2019-01-31 11:46,73.1052,89.7429
2019-01-31 11:47,81.9478,89.434
2019-01-31 11:48,89.537,89.434
2019-01-31 11:49,89.7094,90.2601
2019-01-31 11:50,85.5226,76.8736
2019-01-31 11:51,79.3838,71.0177
2019-01-31 11:52,65.8416,49.6334
2019-01-31 11:53,50.6331,31.2482
2019-01-31 11:54,39.3286,37.1041
2019-01-31 11:55,45.4239,67.9194
2019-01-31 11:56,68.3411,100.0
2019-01-31 11:57,89.3065,100.0
2019-01-31 11:58,100.0,100.0
2019-01-31 11:59,98.3592,95.0777
2019-01-31 12:00,90.8112,77.356
2019-01-31 12:01,72.1521,44.0227
2019-01-31 12:02,46.1132,16.9609
2019-01-31 12:03,21.6672,4.018
2019-01-31 12:04,10.3971,10.2124
2019-01-31 12:05,7.6979,8.8632
2019-01-31 12:06,8.4233,6.1944
2019-01-31 12:07,5.0192,0.0
2019-01-31 12:08,2.0648,0.0
2019-01-31 12:09,3.3426,10.0279
2019-01-31 12:10,10.6168,21.8224
2019-01-31 12:11,19.1302,25.5402
2019-01-31 12:12,20.9583,15.5123
2019-01-31 12:13,14.9235,3.7179
2019-01-31 12:14,6.41,-0.0
2019-01-31 12:15,8.62,22.142
2019-01-31 12:16,22.8808,46.5004
2019-01-31 12:17,42.7762,59.6862
2019-01-31 12:18,55.969,61.7203
2019-01-31 12:19,60.7109,60.7262
2019-01-31 12:20,62.8998,66.2529
2019-01-31 12:21,67.4631,75.4101
2019-01-31 12:22,74.1412,80.7605
2019-01-31 12:23,81.3385,87.8449
2019-01-31 12:24,81.5372,76.0062
2019-01-31 12:25,77.9046,69.8628
2019-01-31 12:26,63.3116,44.0658
2019-01-31 12:27,51.6902,41.1422
2019-01-31 12:28,34.593,18.571
2019-01-31 12:29,27.5881,23.0513
2019-01-31 12:30,16.3858,7.535
2019-01-31 12:31,17.254,21.1756
2019-01-31 12:32,15.1353,16.6952
2019-01-31 12:33,22.5757,29.8563
2019-01-31 12:34,27.5301,36.0387
2019-01-31 12:35,45.089,69.372
2019-01-31 12:36,53.3147,54.5334
2019-01-31 12:37,52.872,34.7105
2019-01-31 12:38,30.207,1.3772
2019-01-31 12:39,14.2312,6.6058
2019-01-31 12:40,12.5208,29.5795
2019-01-31 12:41,33.0327,62.9129
2019-01-31 12:42,60.4117,88.7426
2019-01-31 12:43,81.2709,92.1573
2019-01-31 12:44,79.9079,58.8239
2019-01-31 12:45,59.1232,26.3884
2019-01-31 12:46,33.7132,15.9272
2019-01-31 12:47,24.8405,32.2058
2019-01-31 12:48,30.6424,43.7942
2019-01-31 12:49,43.5513,54.6539
2019-01-31 12:50,50.8188,54.0083
2019-01-31 12:51,50.3607,42.4199
2019-01-31 12:54,37.3538,15.6331
2019-01-31 12:55,22.6564,9.9163
2019-01-31 12:56,19.9366,34.2604
2019-01-31 12:57,37.2568,67.5938
2019-01-31 12:58,64.1674,90.6482
2019-01-31 12:59,83.9853,93.7141
2019-01-31 13:00,88.6113,81.4716
2019-01-31 13:02,81.5123,69.3513
2019-01-31 13:03,75.3658,75.2745
2019-01-31 13:04,74.7418,79.5996
2019-01-31 13:05,82.03,91.2159
2019-01-31 13:06,86.4965,88.6739
2019-01-31 13:07,91.5385,94.7256
2019-01-31 13:08,92.9972,95.5922
2019-01-31 13:09,96.1507,98.1343
2019-01-31 13:10,96.6325,96.171
2019-01-31 13:11,85.7143,62.8377
2019-01-31 13:12,65.1146,36.3351
2019-01-31 13:13,42.2565,27.5966
2019-01-31 13:14,31.4659,30.4661
2019-01-31 13:15,36.2985,50.8329
2019-01-31 13:16,37.1221,30.0671
2019-01-31 13:17,36.0326,27.1976
2019-01-31 13:19,19.0882,-0.0
2019-01-31 13:20,11.3235,6.773
2019-01-31 13:21,7.7468,16.4673
2019-01-31 13:22,24.347,49.8006
2019-01-31 13:23,42.7664,62.0312
2019-01-31 13:24,61.5772,72.8998
2019-01-31 13:25,61.1003,48.3699
2019-01-31 13:26,59.0389,55.8471
2019-01-31 13:27,57.6115,68.6176
2019-01-31 13:28,61.4263,59.8142
2019-01-31 13:29,58.1881,46.1326
2019-01-31 13:30,42.1932,20.6329
2019-01-31 13:31,30.4076,24.4574
2019-01-31 13:32,18.9161,11.6581
2019-01-31 13:33,14.2234,6.5546
2019-01-31 13:34,10.2623,12.5741
2019-01-31 13:35,10.5676,12.5741
2019-01-31 13:36,12.1441,11.2841
2019-01-31 13:37,17.1556,27.6085
2019-01-31 13:39,33.2781,60.9418
2019-01-31 13:40,55.1458,76.8871
2019-01-31 13:41,66.1868,60.7313
2019-01-31 13:43,66.1166,60.7313
2019-01-31 13:44,66.0473,76.6794
2019-01-31 13:46,68.0258,66.6667
2019-01-31 13:47,68.906,63.372
2019-01-31 13:48,64.4702,63.372
2019-01-31 13:49,73.1687,92.7621
2019-01-31 13:50,82.1271,90.2472
2019-01-31 13:51,91.0855,90.2472
2019-01-31 13:52,91.5616,94.1903
2019-01-31 13:53,94.8125,100.0
2019-01-31 13:54,95.7731,93.1289
2019-01-31 13:55,95.4192,93.1289
2019-01-31 13:56,93.1289,93.1289
2019-01-31 13:57,89.3185,81.6978
2019-01-31 13:59,84.0447,77.3074
2019-01-31 14:00,73.7195,62.1534
2019-01-31 14:01,73.3055,80.4556
2019-01-31 14:02,75.8183,84.846
2019-01-31 14:03,88.4339,100.0
2019-01-31 14:04,94.9487,100.0
2019-01-31 14:05,98.862,96.5859
2019-01-31 14:06,95.8446,90.948
2019-01-31 14:07,90.5053,83.9821
2019-01-31 14:08,81.9642,70.9625
2019-01-31 14:09,66.0705,43.267
2019-01-31 14:10,44.0103,17.8014
2019-01-31 14:11,22.025,5.0065
2019-01-31 14:12,20.3826,38.3399
2019-01-31 14:13,36.0189,64.7103
2019-01-31 14:14,65.663,93.9389
2019-01-31 14:15,82.9063,90.0695
2019-01-31 14:16,93.3797,96.1306
2019-01-31 14:17,94.1103,96.1306
2019-01-31 14:18,90.1529,78.1974
2019-01-31 14:19,73.064,44.864
2019-01-31 14:20,45.4274,13.2208
2019-01-31 14:22,26.374,21.0371
2019-01-31 14:23,29.5428,54.3704
2019-01-31 14:24,53.807,86.0136
2019-01-31 14:25,78.0566,93.7859
2019-01-31 14:26,81.2444,63.9335
2019-01-31 14:27,62.7732,30.6002
2019-01-31 14:28,32.6716,3.481
2019-01-31 14:29,15.2932,11.7984
2019-01-31 14:31,12.6566,22.6904
2019-01-31 14:32,30.1709,56.0238
2019-01-31 14:33,52.091,77.5587
2019-01-31 14:34,66.7497,66.6667
2019-01-31 14:35,59.3235,33.7453
2019-01-31 14:36,35.48,6.0282
2019-01-31 14:37,21.1246,23.6003
2019-01-31 14:38,24.141,42.7946
2019-01-31 14:39,45.6356,70.5117
2019-01-31 14:40,65.1817,82.2388
2019-01-31 14:41,82.9055,95.9659
2019-01-31 14:43,80.2791,62.6326
2019-01-31 14:44,63.9773,33.3333
2019-01-31 14:45,39.0307,21.1262
2019-01-31 14:46,29.4093,33.7683
2019-01-31 14:47,29.5543,33.7683
2019-01-31 14:48,33.8141,33.9057
2019-01-31 14:49,38.8526,48.8837
2019-01-31 14:50,52.1178,73.5638
2019-01-31 14:51,62.5064,65.0716
2019-01-31 14:52,69.8068,70.7848
2019-01-31 14:53,64.358,57.2176
2019-01-31 14:54,63.2452,61.7332
2019-01-31 14:55,59.4058,59.2665
2019-01-31 14:56,67.3389,81.0171
2019-01-31 14:57,79.1156,97.0633
2019-01-31 14:58,89.5528,90.5778
2019-01-31 14:59,85.3463,68.3978
2019-01-31 15:00,73.2264,60.7035
2019-01-31 15:01,55.1412,36.3224
2019-01-31 15:02,40.8883,25.639
2019-01-31 15:03,20.6538,-0.0
2019-01-31 15:04,8.5463,-0.0
2019-01-31 15:05,-0.0,-0.0
2019-01-31 15:06,-0.0,-0.0
2019-01-31 15:07,-0.0,-0.0
2019-01-31 15:08,6.8743,20.6229
2019-01-31 15:09,23.2234,49.0473
2019-01-31 15:10,44.5963,64.1187
2019-01-31 15:11,52.2206,43.4958
2019-01-31 15:12,40.8953,15.0714
2019-01-31 15:13,20.9491,4.2801
2019-01-31 15:14,11.3029,14.557
2019-01-31 15:15,16.1124,29.5002
2019-01-31 15:16,29.606,44.7608
2019-01-31 15:17,41.7528,50.9975
2019-01-31 15:19,53.3394,64.2599
2019-01-31 15:20,63.2347,74.4468
2019-01-31 15:21,76.6577,91.2665
2019-01-31 15:22,85.5948,91.0709
2019-01-31 15:23,86.426,76.9406
2019-01-31 15:24,71.2136,45.6293
2019-01-31 15:25,57.8409,50.9527
2019-01-31 15:26,55.0902,68.6887
2019-01-31 15:27,72.7861,98.7167
2019-01-31 15:28,85.8184,90.0498
2019-01-31 15:29,91.9717,87.1485
2019-01-31 15:30,77.4322,55.0984
2019-01-31 15:31,68.6708,63.7654
2019-01-31 15:32,61.8435,66.6667
2019-01-31 15:33,74.5802,93.3084
2019-01-31 15:34,83.6977,91.1179
2019-01-31 15:35,90.2156,86.2204
2019-01-31 15:36,87.6305,85.5531
2019-01-31 15:37,76.8618,58.8119
2019-01-31 15:38,58.247,30.3761
2019-01-31 15:39,35.4534,17.1723
2019-01-31 15:40,30.3844,43.6047
2019-01-31 15:41,44.2028,71.8315
2019-01-31 15:42,68.465,89.9589
2019-01-31 15:43,73.6384,59.1247
2019-01-31 15:44,62.7714,39.2305
2019-01-31 15:45,38.7159,17.7924
2019-01-31 15:46,29.5006,31.4788
2019-01-31 15:47,33.6757,51.7558
2019-01-31 15:48,52.9547,75.6294
2019-01-31 15:49,67.1893,74.1827
2019-01-31 15:50,66.5166,49.7377
2019-01-31 15:51,47.7918,19.455
2019-01-31 15:52,35.7078,37.9307
2019-01-31 15:53,38.0516,56.769
2019-01-31 15:54,60.5378,86.9138
2019-01-31 15:55,76.6531,86.2766
2019-01-31 15:56,88.3095,91.738
2019-01-31 15:57,89.8523,91.5422
2019-01-31 15:58,88.5374,82.3321
2019-01-31 15:59,76.0867,54.3859
2019-01-31 16:00,58.5582,38.9567
2019-02-01 09:31,37.1438,18.0886
2019-02-01 09:32,25.4824,19.4018
2019-02-01 09:33,13.1073,1.8314
2019-02-01 09:34,8.9956,5.7538
2019-02-01 09:35,9.1662,19.9136
2019-02-01 09:36,25.1692,49.8404
2019-02-01 09:37,49.6684,79.2513
2019-02-01 09:38,74.4258,94.1858
2019-02-01 09:39,88.0334,90.6632
2019-02-01 09:40,89.254,82.9131
2019-02-01 09:41,86.299,85.3208
2019-02-01 09:42,86.2785,90.6015
2019-02-01 09:43,90.4453,95.4135
2019-02-01 09:44,93.288,93.8489
2019-02-01 09:45,94.92,95.4974
2019-02-01 09:46,95.9273,98.4354
2019-02-01 09:47,96.7003,96.168
2019-02-01 09:48,87.5172,67.9483
2019-02-01 09:49,67.694,38.9657
2019-02-01 09:50,38.7928,9.4644
2019-02-01 09:51,18.389,6.7368
2019-02-01 09:52,7.7748,7.1233
2019-02-01 09:53,7.4233,8.4098
2019-02-01 09:54,9.7359,13.6745
2019-02-01 09:55,15.6326,24.8134
2019-02-01 09:57,23.2483,31.257
2019-02-01 09:58,27.7804,27.2707
2019-02-01 09:59,23.3074,11.3945
2019-02-01 10:00,14.6493,5.2828
2019-02-01 10:01,14.8151,27.7679
2019-02-01 10:02,26.2021,45.5557
2019-02-01 10:03,47.3246,68.6503
2019-02-01 10:04,63.3467,75.8342
2019-02-01 10:05,78.6214,91.3797
2019-02-01 10:06,89.0713,100.0
2019-02-01 10:07,97.1266,100.0
2019-02-01 10:08,99.7275,99.1826
2019-02-01 10:09,98.0476,94.9601
2019-02-01 10:10,91.8708,81.4698
2019-02-01 10:11,77.0679,54.7737
2019-02-01 10:12,65.0799,58.9962
2019-02-01 10:13,60.6568,68.2004
2019-02-01 10:14,71.658,87.7773
2019-02-01 10:15,80.299,84.9193
2019-02-01 10:16,82.6493,75.2513
2019-02-01 10:17,81.1195,83.1879
2019-02-01 10:18,81.495,86.0459
2019-02-01 10:19,83.4501,81.1165
2019-02-01 10:20,79.7579,72.1112
2019-02-01 10:21,74.8083,71.1971
2019-02-01 10:22,67.5818,59.4372
2019-02-01 10:23,66.3589,68.4425
2019-02-01 10:24,65.7454,69.3566
2019-02-01 10:25,79.2664,100.0
2019-02-01 10:26,86.4101,89.8735
2019-02-01 10:27,91.0012,83.13
2019-02-01 10:28,77.6238,59.8679
2019-02-01 10:29,63.0117,46.0371
2019-02-01 10:30,41.7841,19.4473
2019-02-01 10:31,24.9535,9.3761
2019-02-01 10:32,9.6078,-0.0
2019-02-01 10:33,3.1254,-0.0
2019-02-01 10:34,2.5126,7.5378
2019-02-01 10:35,6.7489,12.709
2019-02-01 10:36,12.9942,18.7359
2019-02-01 10:37,14.992,13.5311
2019-02-01 10:38,18.8609,24.3156
2019-02-01 10:39,23.1438,31.5848
2019-02-01 10:40,39.4952,62.5852
2019-02-01 10:41,58.0442,79.9628
2019-02-01 10:42,79.6146,96.2959
2019-02-01 10:43,86.5078,83.2647
2019-02-01 10:44,81.5153,64.9853
2019-02-01 10:45,61.202,35.3561
2019-02-01 10:46,38.5131,15.1978
2019-02-01 10:47,16.8992,0.1438
2019-02-01 10:48,6.1334,3.0587
2019-02-01 10:49,6.8958,17.485
2019-02-01 10:50,23.7873,50.8184
2019-02-01 10:51,46.0981,69.9909
2019-02-01 10:52,58.7433,55.4207
2019-02-01 10:53,49.1902,22.1589
2019-02-01 10:54,25.9535,0.2809
2019-02-01 10:55,7.5736,0.2809
2019-02-01 10:56,1.6033,4.248
2019-02-01 10:57,2.8558,4.0386
2019-02-01 10:58,4.129,4.1003
2019-02-01 10:59,13.8447,33.3951
2019-02-01 11:00,27.801,45.9074
2019-02-01 11:01,48.4528,66.0558
2019-02-01 11:02,50.1966,38.6266
2019-02-01 11:03,53.5296,55.9064
2019-02-01 11:04,54.5209,69.0296
2019-02-01 11:05,71.0205,88.1254
2019-02-01 11:08,82.9406,91.6667
2019-02-01 11:09,90.4863,91.6667
2019-02-01 11:10,94.4444,100.0
2019-02-01 11:11,97.2222,100.0
2019-02-01 11:12,94.1835,82.5506
2019-02-01 11:13,80.43,58.7394
2019-02-01 11:14,55.5654,25.4061
2019-02-01 11:15,35.8246,23.3284
2019-02-01 11:16,20.8469,13.8062
2019-02-01 11:17,17.8821,16.5116
2019-02-01 11:18,12.1583,6.157
2019-02-01 11:19,10.3854,8.4876
2019-02-01 11:20,6.8089,5.7822
2019-02-01 11:21,9.4296,14.0189
2019-02-01 11:22,21.3499,44.2486
2019-02-01 11:23,45.2832,77.582
2019-02-01 11:24,73.4441,98.5016
2019-02-01 11:25,87.789,87.2833
2019-02-01 11:26,79.9116,53.95
2019-02-01 11:27,54.1917,21.342
2019-02-01 11:28,27.2464,6.4473
2019-02-01 11:29,11.4122,6.4473
2019-02-01 11:30,6.4473,6.4473
2019-02-01 11:31,4.2982,-0.0
2019-02-01 11:32,3.2601,3.333
2019-02-01 11:33,3.9412,8.4907
2019-02-01 11:34,17.8826,41.824
2019-02-01 11:35,40.713,71.8244
2019-02-01 11:36,71.2161,100.0
2019-02-01 11:37,90.6081,100.0
2019-02-01 11:38,96.9613,90.8839
2019-02-01 11:39,93.9226,90.8839
2019-02-01 11:40,83.8135,69.6729
2019-02-01 11:41,79.7819,78.789
2019-02-01 11:42,71.6557,66.5053
2019-02-01 11:44,76.8725,85.3231
2019-02-01 11:45,79.0505,85.3231
2019-02-01 11:46,86.0581,87.5282
2019-02-01 11:47,84.7924,81.526
2019-02-01 11:48,72.4156,48.1927
2019-02-01 11:49,56.2174,38.9334
2019-02-01 11:50,41.1421,36.3003
2019-02-01 11:51,45.8662,62.365
2019-02-01 11:52,53.1884,60.9
2019-02-01 11:53,53.9534,38.5952
2019-02-01 11:54,48.1944,45.088
2019-02-01 11:56,49.858,65.8907
2019-02-01 11:57,70.0676,99.224
2019-02-01 11:58,82.8157,83.3324
2019-02-01 11:59,79.6669,56.4443
2019-02-01 12:00,55.333,26.2224
2019-02-01 12:01,32.05,13.4833
2019-02-01 12:02,15.5813,7.038
2019-02-01 12:03,10.897,12.1698
2019-02-01 12:04,13.329,20.7791
2019-02-01 12:05,19.0478,24.1945
2019-02-01 12:06,22.6888,23.0928
2019-02-01 12:07,30.3925,43.8902
2019-02-01 12:08,41.7832,58.3667
2019-02-01 12:09,54.8368,62.2535
2019-02-01 12:10,51.1543,32.8427
2019-02-01 12:11,40.2767,25.7338
2019-02-01 12:12,26.3612,20.5071
2019-02-01 12:13,20.9419,16.5847
2019-02-01 12:14,24.1283,35.2931
2019-02-01 12:15,32.3638,45.2138
2019-02-01 12:16,44.4161,52.7415
2019-02-01 12:17,40.8503,24.5955
2019-02-01 12:18,32.5006,20.1647
2019-02-01 12:19,19.1324,12.637
2019-02-01 12:20,14.6978,11.2916
2019-02-01 12:21,8.5581,1.7458
2019-02-01 12:22,5.5743,3.6856
2019-02-01 12:23,3.039,3.6856
2019-02-01 12:24,3.1036,1.9398
2019-02-01 12:25,1.8751,-0.0
2019-02-01 12:26,3.1467,7.5005
2019-02-01 12:27,5.6424,9.4268
2019-02-01 12:28,14.4456,26.4095
2019-02-01 12:29,25.1668,39.664
2019-02-01 12:30,45.0796,69.1653
2019-02-01 12:31,57.7203,64.3317
2019-02-01 12:32,59.0246,43.5768
2019-02-01 12:33,45.8926,29.7691
2019-02-01 12:34,30.322,17.6199
2019-02-01 12:35,21.6697,17.6199
2019-02-01 12:36,15.436,11.0682
2019-02-01 12:37,15.7614,18.596
2019-02-01 12:38,16.9415,21.1604
2019-02-01 12:39,19.394,18.4255
2019-02-01 12:40,16.8279,10.8978
2019-02-01 12:41,13.104,9.9888
2019-02-01 12:42,12.1247,15.4876
2019-02-01 12:43,22.3772,41.6554
2019-02-01 12:44,43.4921,73.3333
2019-02-01 12:45,68.1695,89.5197
2019-02-01 12:46,81.6784,82.1821
2019-02-01 12:47,76.3674,57.4004
2019-02-01 12:48,63.3233,50.3874
2019-02-01 12:49,57.5595,64.8905
2019-02-01 12:50,67.4242,86.9946
2019-02-01 12:51,78.1089,82.4414
2019-02-01 12:52,72.848,49.1081
2019-02-01 12:53,55.1233,33.8205
2019-02-01 12:54,34.4037,20.2824
2019-02-01 12:55,30.3948,37.0815
2019-02-01 12:56,37.4702,55.0467
2019-02-01 12:57,57.7369,81.0825
2019-02-01 12:58,77.9153,97.6167
2019-02-01 12:59,90.676,93.3287
2019-02-01 13:00,87.3303,71.0456
2019-02-01 13:01,68.4744,41.0488
2019-02-01 13:02,52.4771,45.3368
2019-02-01 13:03,52.1296,70.0032
2019-02-01 13:04,67.8176,88.1128
2019-02-01 13:05,73.6407,62.8062
2019-02-01 13:06,60.1307,29.4729
2019-02-01 13:07,36.6974,17.813
2019-02-01 13:08,29.5161,41.2625
2019-02-01 13:09,42.7306,69.1165
2019-02-01 13:10,65.8544,87.1842
2019-02-01 13:11,70.6695,55.7079
2019-02-01 13:12,56.9153,27.854
2019-02-01 13:13,27.854,-0.0
2019-02-01 13:14,10.3261,3.1244
2019-02-01 13:15,6.4746,16.2994
2019-02-01 13:16,15.1422,26.0028
2019-02-01 13:17,21.7268,22.8783
2019-02-01 13:19,19.5281,9.7033
2019-02-01 13:20,12.2918,4.2938
2019-02-01 13:21,6.9363,6.8119
2019-02-01 13:22,5.9725,6.8119
2019-02-01 13:23,5.3806,2.518
2019-02-01 13:24,5.2932,6.5497
2019-02-01 13:25,6.9371,11.7437
2019-02-01 13:26,17.2715,33.521
2019-02-01 13:28,35.1898,60.3047
2019-02-01 13:29,60.078,86.4082
2019-02-01 13:30,77.4028,85.4956
2019-02-01 13:31,76.6882,58.1608
2019-02-01 13:32,66.5015,55.8482
2019-02-01 13:33,60.7752,68.3167
2019-02-01 13:34,73.2721,95.6516
2019-02-01 13:35,87.7988,99.428
2019-02-01 13:36,94.4655,88.3169
2019-02-01 13:37,92.0206,88.3169
2019-02-01 13:38,77.9066,57.086
2019-02-01 13:39,63.961,46.48
2019-02-01 13:40,48.0768,40.6644
2019-02-01 13:41,42.0928,39.134
2019-02-01 13:42,35.7721,27.5177
2019-02-01 13:43,22.2172,-0.0
2019-02-01 13:44,9.1726,-0.0
2019-02-01 13:45,-0.0,-0.0
2019-02-01 13:46,0.5313,1.594
2019-02-01 13:47,1.0626,1.594
2019-02-01 13:48,8.2354,21.5182
2019-02-01 13:49,25.4566,53.2576
2019-02-01 13:50,52.995,84.2093
2019-02-01 13:51,77.9418,96.3584
2019-02-01 13:52,92.3087,96.3584
2019-02-01 13:53,92.7084,85.4085
2019-02-01 13:54,85.0638,73.4246
2019-02-01 13:55,66.822,41.6329
2019-02-01 13:56,51.8136,40.3832
2019-02-01 13:57,38.794,34.3658
2019-02-01 13:58,46.739,65.468
2019-02-01 13:59,57.8776,73.7991
2019-02-01 14:00,76.2577,89.5059
2019-02-01 14:01,80.3685,77.8005
2019-02-01 14:02,72.6745,50.7173
2019-02-01 14:03,50.7625,23.7696
2019-02-01 14:04,28.7553,11.779
2019-02-01 14:05,15.7759,11.779
2019-02-01 14:06,15.2932,22.3216
2019-02-01 14:07,22.7212,34.063
2019-02-01 14:08,32.6774,41.6478
2019-02-01 14:09,36.3189,33.246
2019-02-01 14:10,40.0973,45.3982
2019-02-01 14:11,46.0831,59.6052
2019-02-01 14:12,64.3233,87.9666
2019-02-01 14:13,76.1452,80.8637
2019-02-01 14:14,82.7616,79.4545
2019-02-01 14:16,72.7085,57.8072
2019-02-01 14:17,61.5633,47.4283
2019-02-01 14:18,48.4471,40.1058
2019-02-01 14:19,40.1775,32.9984
2019-02-01 14:20,30.9476,19.7387
2019-02-01 14:21,26.6366,27.1727
2019-02-01 14:22,34.1111,55.4219
2019-02-01 14:23,52.9123,76.1421
2019-02-01 14:24,73.5151,88.9812
2019-02-01 14:25,75.8615,62.4611
2019-02-01 14:26,68.2129,53.1963
2019-02-01 14:27,46.1202,22.7033
2019-02-01 14:28,33.29,23.9706
2019-02-01 14:29,21.539,17.9431
2019-02-01 14:31,28.195,42.6714
2019-02-01 14:32,40.1062,59.7041
2019-02-01 14:33,62.6284,85.5097
2019-02-01 14:34,78.8294,91.2744
2019-02-01 14:35,87.3466,85.2556
2019-02-01 14:36,76.1508,51.9223
2019-02-01 14:37,62.4851,50.2775
2019-02-01 14:38,47.7594,41.0785
2019-02-01 14:39,46.5321,48.2401
2019-02-01 14:40,37.6773,23.7131
2019-02-01 14:41,36.1475,36.4893
2019-02-01 14:42,34.4918,43.273
2019-02-01 14:43,46.351,59.2906
2019-02-01 14:45,53.3965,57.6259
2019-02-01 14:46,53.5324,43.6807
2019-02-01 14:47,49.0056,45.7101
2019-02-01 14:48,38.1998,25.2086
2019-02-01 14:49,40.1069,49.4019
2019-02-01 14:50,42.5716,53.1043
2019-02-01 14:51,57.5485,70.1394
2019-02-01 14:52,57.5073,49.2781
2019-02-01 14:53,53.262,40.3685
2019-02-01 14:54,38.8173,26.8053
2019-02-01 14:55,30.2157,23.4734
2019-02-01 14:56,17.9169,3.472
2019-02-01 14:57,12.6054,10.8708
2019-02-01 14:58,19.5157,44.2041
2019-02-01 14:59,37.856,58.4932
2019-02-01 15:00,50.4244,48.5757
2019-02-01 15:01,47.5618,35.6166
2019-02-01 15:02,35.1733,21.3275
2019-02-01 15:03,25.7727,20.3741
2019-02-01 15:04,24.9057,33.0156
2019-02-01 15:05,39.9129,66.3489
2019-02-01 15:06,65.5094,97.1636
2019-02-01 15:07,86.998,97.4814
2019-02-01 15:08,97.3754,97.4814
2019-02-01 15:09,96.7944,95.4205
2019-02-01 15:10,96.1074,95.4205
2019-02-01 15:11,88.1075,73.4815
2019-02-01 15:12,80.3577,72.1711
2019-02-01 15:13,70.6446,66.2811
2019-02-01 15:14,72.9241,80.3199
2019-02-01 15:15,77.6037,86.2099
2019-02-01 15:16,86.2099,92.0999
2019-02-01 15:17,92.7699,100.0
2019-02-01 15:18,96.0597,96.0793
2019-02-01 15:19,92.7458,82.1581
2019-02-01 15:20,75.6874,48.8247
2019-02-01 15:21,51.2428,22.7455
2019-02-01 15:22,24.9678,3.3333
2019-02-01 15:23,12.2599,10.7008
2019-02-01 15:24,10.2381,16.6803
2019-02-01 15:25,25.7982,50.0137
2019-02-01 15:26,40.0878,53.5694
2019-02-01 15:27,51.213,50.056
2019-02-01 15:28,41.0518,19.5302
2019-02-01 15:29,28.5848,16.1682
2019-02-01 15:30,19.6378,23.2151
2019-02-01 15:31,31.0415,53.741
2019-02-01 15:32,48.1566,67.5136
2019-02-01 15:33,69.7517,88.0005
2019-02-01 15:34,81.1715,88.0005
2019-02-01 15:35,91.794,99.3811
2019-02-01 15:36,93.5725,93.336
2019-02-01 15:37,93.5362,87.8915
2019-02-01 15:38,88.2456,83.5092
2019-02-01 15:39,80.7685,70.9048
2019-02-01 15:40,66.3732,44.7057
2019-02-01 15:41,48.0684,28.5946
2019-02-01 15:42,36.103,35.0087
2019-02-01 15:43,33.2153,36.0426
2019-02-01 15:44,32.2634,25.7389
2019-02-01 15:45,23.6025,9.0259
2019-02-01 15:46,17.0513,16.389
2019-02-01 15:47,20.7094,36.7132
2019-02-01 15:48,28.4768,32.3283
2019-02-01 15:49,31.1438,24.39
2019-02-01 15:50,20.5776,5.0144
2019-02-01 15:51,11.5926,5.3732
2019-02-01 15:52,4.5375,3.2248
2019-02-01 15:53,3.5368,2.0125
2019-02-01 15:54,2.5005,2.2643
2019-02-01 15:55,3.1556,5.1901
2019-02-01 15:56,5.0481,7.6899
2019-02-01 15:57,7.7962,10.5086
2019-02-01 15:58,10.0089,11.8283
2019-02-01 15:59,10.2834,8.5132
2019-02-01 16:00,9.7815,9.0029
